state	kind	area	sha	title	is_fix	is_dep	dir	path
candidate	other	0141/arch			False	False	stable_gap	0141__arch__arm__mach-omap2__clockdomain.h.patch
candidate	other	0141/arch			False	False	stable_gap	0141__arch__loongarch__include__asm__irqflags.h.patch
candidate	other	0141/drivers			False	False	stable_gap	0141__drivers__crypto__allwinner__sun8i-ce__sun8i-ce.h.patch
candidate	other	0141/drivers			False	False	stable_gap	0141__drivers__crypto__marvell__cesa__cesa.h.patch
candidate	other	0141/drivers			False	False	stable_gap	0141__drivers__gpu__drm__meson__meson_drv.h.patch
candidate	other	0141/drivers			False	False	stable_gap	0141__drivers__gpu__drm__meson__meson_vclk.h.patch
candidate	other	0141/drivers			False	False	stable_gap	0141__drivers__hwtracing__coresight__coresight-config.h.patch
candidate	other	0141/drivers			False	False	stable_gap	0141__drivers__infiniband__hw__hns__hns_roce_hw_v2.h.patch
candidate	other	0141/drivers			False	False	stable_gap	0141__drivers__mmc__core__card.h.patch
candidate	other	0141/drivers			False	False	stable_gap	0141__drivers__mmc__core__quirks.h.patch
candidate	other	0141/drivers			False	False	stable_gap	0141__drivers__net__ethernet__dlink__dl2k.h.patch
candidate	other	0141/drivers			False	False	stable_gap	0141__drivers__net__ethernet__microchip__lan743x_ptp.h.patch
candidate	other	0141/drivers			False	False	stable_gap	0141__drivers__net__ethernet__microchip__lan966x__lan966x_main.h.patch
candidate	other	0141/drivers			False	False	stable_gap	0141__drivers__net__wireless__ath__ath11k__core.h.patch
candidate	other	0141/drivers			False	False	stable_gap	0141__drivers__net__wireless__ath__ath11k__testmode.h.patch
candidate	other	0141/drivers			False	False	stable_gap	0141__drivers__net__wireless__intersil__p54__p54.h.patch
candidate	other	0141/drivers			False	False	stable_gap	0141__drivers__ptp__ptp_private.h.patch
candidate	other	0141/drivers			False	False	stable_gap	0141__drivers__usb__cdns3__cdnsp-gadget.h.patch
candidate	other	0141/drivers			False	False	stable_gap	0141__drivers__usb__storage__unusual_uas.h.patch
candidate	other	0141/drivers			False	False	stable_gap	0141__drivers__vfio__pci__hisilicon__hisi_acc_vfio_pci.h.patch
landed	other	0141/fs			False	False	stable_gap	0141__fs__ext4__ext4.h.patch
candidate	other	0141/fs			False	False	stable_gap	0141__fs__f2fs__f2fs.h.patch
candidate	other	0141/fs			False	False	stable_gap	0141__fs__smb__client__cached_dir.h.patch
candidate	other	0141/fs			False	False	stable_gap	0141__fs__xfs__libxfs__xfs_dir2_priv.h.patch
candidate	other	0141/fs			False	False	stable_gap	0141__fs__xfs__libxfs__xfs_quota_defs.h.patch
candidate	other	0141/fs			False	False	stable_gap	0141__fs__xfs__xfs.h.patch
candidate	other	0141/fs			False	False	stable_gap	0141__fs__xfs__xfs_inode.h.patch
candidate	other	0141/fs			False	False	stable_gap	0141__fs__xfs__xfs_iops.h.patch
candidate	other	0141/fs			False	False	stable_gap	0141__fs__xfs__xfs_trace.h.patch
candidate	other	0141/include			False	False	stable_gap	0141__include__acpi__actypes.h.patch
candidate	other	0141/include			False	False	stable_gap	0141__include__linux__arm_sdei.h.patch
candidate	other	0141/include			False	False	stable_gap	0141__include__linux__atmdev.h.patch
candidate	other	0141/include			False	False	stable_gap	0141__include__linux__bio.h.patch
candidate	other	0141/include			False	False	stable_gap	0141__include__linux__hid.h.patch
candidate	other	0141/include			False	False	stable_gap	0141__include__linux__hugetlb.h.patch
candidate	other	0141/include			False	False	stable_gap	0141__include__linux__mlx5__driver.h.patch
candidate	other	0141/include			False	False	stable_gap	0141__include__linux__mm.h.patch
candidate	other	0141/include			False	False	stable_gap	0141__include__linux__mm_types.h.patch
candidate	other	0141/include			False	False	stable_gap	0141__include__net__bluetooth__hci_core.h.patch
candidate	other	0141/include			False	False	stable_gap	0141__include__net__checksum.h.patch
candidate	other	0141/include			False	False	stable_gap	0141__include__net__sock.h.patch
candidate	other	0141/include			False	False	stable_gap	0141__include__trace__events__erofs.h.patch
candidate	other	0141/include			False	False	stable_gap	0141__include__uapi__linux__bpf.h.patch
candidate	other	0141/kernel			False	False	stable_gap	0141__kernel__trace__trace.h.patch
candidate	other	0141/net			False	False	stable_gap	0141__net__bridge__br_private.h.patch
candidate	other	0141/net			False	False	stable_gap	0141__net__ncsi__internal.h.patch
candidate	other	0141/net			False	False	stable_gap	0141__net__ncsi__ncsi-pkt.h.patch
candidate	other	0141/scripts			False	False	stable_gap	0141__scripts__gcc-plugins__gcc-common.h.patch
landed	other	0141/sound			False	False	stable_gap	0141__sound__usb__mixer_maps.c.patch
candidate	other	0141/tools			False	False	stable_gap	0141__tools__include__uapi__linux__bpf.h.patch
candidate	other	0141/tools			False	False	stable_gap	0141__tools__lib__bpf__bpf_core_read.h.patch
candidate	other	0142/arch			False	False	stable_gap	0142__arch__arm__include__asm__ptrace.h.patch
candidate	other	0142/arch			False	False	stable_gap	0142__arch__um__include__asm__asm-prototypes.h.patch
candidate	other	0142/arch			False	False	stable_gap	0142__arch__x86__um__asm__checksum.h.patch
candidate	other	0142/drivers			False	False	stable_gap	0142__drivers__firmware__arm_scmi__protocols.h.patch
candidate	other	0142/drivers			False	False	stable_gap	0142__drivers__gpu__drm__amd__amdgpu__amdgpu_ucode.h.patch
candidate	other	0142/drivers			False	False	stable_gap	0142__drivers__gpu__drm__tegra__hub.h.patch
candidate	other	0142/drivers			False	False	stable_gap	0142__drivers__hv__hyperv_vmbus.h.patch
candidate	other	0142/drivers			False	False	stable_gap	0142__drivers__hwtracing__coresight__coresight-priv.h.patch
candidate	other	0142/drivers			False	False	stable_gap	0142__drivers__media__platform__nxp__imx-jpeg__mxc-jpeg-hw.h.patch
candidate	other	0142/drivers			False	False	stable_gap	0142__drivers__media__platform__nxp__imx-jpeg__mxc-jpeg.h.patch
candidate	other	0142/drivers			False	False	stable_gap	0142__drivers__net__ethernet__broadcom__bnxt__bnxt_hsi.h.patch
candidate	other	0142/drivers			False	False	stable_gap	0142__drivers__net__ethernet__freescale__enetc__enetc_hw.h.patch
candidate	other	0142/fs			False	False	stable_gap	0142__fs__omfs__omfs_fs.h.patch
candidate	other	0142/fs			False	False	stable_gap	0142__fs__smb__client__cifsglob.h.patch
candidate	other	0142/fs			False	False	stable_gap	0142__fs__smb__client__cifspdu.h.patch
candidate	other	0142/include			False	False	stable_gap	0142__include__asm-generic__mshyperv.h.patch
candidate	other	0142/include			False	False	stable_gap	0142__include__linux__console.h.patch
candidate	other	0142/include			False	False	stable_gap	0142__include__linux__hyperv.h.patch
candidate	other	0142/include			False	False	stable_gap	0142__include__uapi__linux__vm_sockets.h.patch
candidate	other	0143/arch			False	False	stable_gap	0143__arch__powerpc__include__uapi__asm__ioctls.h.patch
candidate	other	0143/arch			False	False	stable_gap	0143__arch__x86__include__asm__cpu.h.patch
candidate	other	0143/arch			False	False	stable_gap	0143__arch__x86__include__asm__cpufeatures.h.patch
candidate	other	0143/arch			False	False	stable_gap	0143__arch__x86__include__asm__irqflags.h.patch
candidate	other	0143/arch			False	False	stable_gap	0143__arch__x86__include__asm__mwait.h.patch
candidate	other	0143/arch			False	False	stable_gap	0143__arch__x86__include__asm__nospec-branch.h.patch
candidate	other	0143/arch			False	False	stable_gap	0143__arch__x86__kvm__reverse_cpuid.h.patch
candidate	other	0143/drivers			False	False	stable_gap	0143__drivers__block__aoe__aoe.h.patch
candidate	other	0143/drivers			False	False	stable_gap	0143__drivers__gpu__drm__v3d__v3d_drv.h.patch
candidate	other	0143/drivers			False	False	stable_gap	0143__drivers__mmc__host__sdhci.h.patch
candidate	other	0143/drivers			False	False	stable_gap	0143__drivers__net__ethernet__amd__xgbe__xgbe-common.h.patch
candidate	other	0143/drivers			False	False	stable_gap	0143__drivers__net__ethernet__amd__xgbe__xgbe.h.patch
candidate	other	0143/drivers			False	False	stable_gap	0143__drivers__net__ethernet__sun__niu.h.patch
candidate	other	0143/drivers			False	False	stable_gap	0143__drivers__platform__x86__dell__dell-wmi-sysman__dell-wmi-sysman.h.patch
candidate	other	0143/include			False	False	stable_gap	0143__include__linux__cpu.h.patch
candidate	other	0143/include			False	False	stable_gap	0143__include__linux__libata.h.patch
candidate	other	0143/include			False	False	stable_gap	0143__include__linux__usb__typec_dp.h.patch
candidate	other	0145/drivers			False	False	stable_gap	0145__drivers__hid__hid-ids.h.patch
candidate	other	0145/drivers			False	False	stable_gap	0145__drivers__net__ethernet__ibm__ibmvnic.h.patch
candidate	other	0145/drivers			False	False	stable_gap	0145__drivers__usb__cdns3__cdnsp-debug.h.patch
candidate	other	0145/drivers			False	False	stable_gap	0145__drivers__usb__cdns3__cdnsp-gadget.h.patch
candidate	other	0145/include			False	False	stable_gap	0145__include__drm__drm_file.h.patch
candidate	other	0145/include			False	False	stable_gap	0145__include__drm__spsc_queue.h.patch
candidate	other	0145/include			False	False	stable_gap	0145__include__linux__fs.h.patch
candidate	other	0145/include			False	False	stable_gap	0145__include__net__netfilter__nf_flow_table.h.patch
candidate	other	0145/include			False	False	stable_gap	0145__include__trace__events__erofs.h.patch
candidate	other	0145/tools			False	False	stable_gap	0145__tools__include__linux__kallsyms.h.patch
candidate	other	0146/drivers			False	False	stable_gap	0146__drivers__usb__core__hub.h.patch
candidate	other	0146/drivers			False	False	stable_gap	0146__drivers__usb__musb__musb_core.h.patch
candidate	other	0146/drivers			False	False	stable_gap	0146__drivers__usb__serial__ftdi_sio_ids.h.patch
candidate	other	0146/include			False	False	stable_gap	0146__include__net__netfilter__nf_conntrack.h.patch
candidate	other	0146/kernel			False	False	stable_gap	0146__kernel__sched__loadavg.c.patch
candidate	other	0146/kernel			False	False	stable_gap	0146__kernel__sched__sched.h.patch
candidate	other	0146/net			False	False	stable_gap	0146__net__8021q__vlan.h.patch
candidate	other	0146/net			False	False	stable_gap	0146__net__bluetooth__smp.h.patch
candidate	other	0147/arch			False	False	stable_gap	0147__arch__x86__include__asm__cpufeatures.h.patch
candidate	other	0147/drivers			False	False	stable_gap	0147__drivers__net__ethernet__intel__e1000e__defines.h.patch
candidate	other	0147/drivers			False	False	stable_gap	0147__drivers__net__ethernet__intel__fm10k__fm10k.h.patch
candidate	other	0147/drivers			False	False	stable_gap	0147__drivers__net__ethernet__intel__i40e__i40e.h.patch
candidate	other	0147/drivers			False	False	stable_gap	0147__drivers__net__ethernet__intel__ixgbe__ixgbe.h.patch
candidate	other	0147/drivers			False	False	stable_gap	0147__drivers__net__phy__mscc__mscc_ptp.h.patch
candidate	other	0147/drivers			False	False	stable_gap	0147__drivers__net__wireless__purelifi__plfxlc__mac.h.patch
candidate	other	0147/drivers			False	False	stable_gap	0147__drivers__staging__vc04_services__include__linux__raspberrypi__vchiq.h.patch
candidate	other	0147/drivers			False	False	stable_gap	0147__drivers__usb__chipidea__ci.h.patch
candidate	other	0147/drivers			False	False	stable_gap	0147__drivers__xen__gntdev-common.h.patch
candidate	other	0147/fs			False	False	stable_gap	0147__fs__erofs__internal.h.patch
candidate	other	0147/fs			False	False	stable_gap	0147__fs__f2fs__f2fs.h.patch
candidate	other	0147/fs			False	False	stable_gap	0147__fs__f2fs__segment.h.patch
candidate	other	0147/fs			False	False	stable_gap	0147__fs__nfs__internal.h.patch
candidate	other	0147/fs			False	False	stable_gap	0147__fs__proc__internal.h.patch
candidate	other	0147/fs			False	False	stable_gap	0147__fs__smb__server__connection.h.patch
candidate	other	0147/include			False	False	stable_gap	0147__include__linux__fs_context.h.patch
candidate	other	0147/include			False	False	stable_gap	0147__include__linux__moduleparam.h.patch
candidate	other	0147/include			False	False	stable_gap	0147__include__linux__pps_kernel.h.patch
candidate	other	0147/include			False	False	stable_gap	0147__include__linux__proc_fs.h.patch
candidate	other	0147/include			False	False	stable_gap	0147__include__linux__skbuff.h.patch
candidate	other	0147/include			False	False	stable_gap	0147__include__linux__usb__usbnet.h.patch
candidate	other	0147/include			False	False	stable_gap	0147__include__linux__wait_bit.h.patch
candidate	other	0147/include			False	False	stable_gap	0147__include__net__tc_act__tc_ctinfo.h.patch
candidate	other	0147/include			False	False	stable_gap	0147__include__net__udp.h.patch
candidate	other	0147/security			False	False	stable_gap	0147__security__apparmor__include__match.h.patch
candidate	other	0147/tools			False	False	stable_gap	0147__tools__perf__util__evsel.h.patch
candidate	other	0148/arch			False	False	stable_gap	0148__arch__arm64__include__asm__acpi.h.patch
candidate	other	0148/arch			False	False	stable_gap	0148__arch__mips__include__asm__vpe.h.patch
candidate	other	0148/arch			False	False	stable_gap	0148__arch__parisc__include__asm__special_insns.h.patch
candidate	other	0148/arch			False	False	stable_gap	0148__arch__parisc__include__asm__uaccess.h.patch
candidate	other	0148/arch			False	False	stable_gap	0148__arch__powerpc__include__asm__floppy.h.patch
candidate	other	0148/arch			False	False	stable_gap	0148__arch__s390__include__asm__timex.h.patch
candidate	other	0148/arch			False	False	stable_gap	0148__arch__um__include__asm__thread_info.h.patch
candidate	other	0148/arch			False	False	stable_gap	0148__arch__x86__include__asm__kvm-x86-ops.h.patch
candidate	other	0148/arch			False	False	stable_gap	0148__arch__x86__include__asm__kvm_host.h.patch
candidate	other	0148/arch			False	False	stable_gap	0148__arch__x86__include__asm__msr-index.h.patch
candidate	other	0148/arch			False	False	stable_gap	0148__arch__x86__include__asm__reboot.h.patch
candidate	other	0148/arch			False	False	stable_gap	0148__arch__x86__include__asm__virtext.h.patch
candidate	other	0148/arch			False	False	stable_gap	0148__arch__x86__include__asm__xen__hypercall.h.patch
candidate	other	0148/arch			False	False	stable_gap	0148__arch__x86__kvm__lapic.h.patch
candidate	other	0148/arch			False	False	stable_gap	0148__arch__x86__kvm__trace.h.patch
candidate	other	0148/arch			False	False	stable_gap	0148__arch__x86__kvm__vmx__vmx.h.patch
candidate	other	0148/arch			False	False	stable_gap	0148__arch__x86__kvm__x86.h.patch
candidate	other	0148/drivers			False	False	stable_gap	0148__drivers__bus__mhi__host__internal.h.patch
candidate	other	0148/drivers			False	False	stable_gap	0148__drivers__comedi__comedi_internal.h.patch
candidate	other	0148/drivers			False	False	stable_gap	0148__drivers__crypto__qat__qat_common__adf_accel_devices.h.patch
candidate	other	0148/drivers			False	False	stable_gap	0148__drivers__crypto__qat__qat_common__adf_gen4_hw_data.h.patch
candidate	other	0148/drivers			False	False	stable_gap	0148__drivers__gpu__drm__msm__msm_gem.h.patch
candidate	other	0148/drivers			False	False	stable_gap	0148__drivers__i3c__internals.h.patch
candidate	other	0148/drivers			False	False	stable_gap	0148__drivers__media__platform__qcom__venus__core.h.patch
candidate	other	0148/drivers			False	False	stable_gap	0148__drivers__media__platform__qcom__venus__hfi_helper.h.patch
candidate	other	0148/drivers			False	False	stable_gap	0148__drivers__net__dsa__b53__b53_regs.h.patch
candidate	other	0148/drivers			False	False	stable_gap	0148__drivers__net__ethernet__aquantia__atlantic__aq_hw.h.patch
candidate	other	0148/drivers			False	False	stable_gap	0148__drivers__net__ethernet__mellanox__mlxsw__trap.h.patch
candidate	other	0148/drivers			False	False	stable_gap	0148__drivers__net__hyperv__hyperv_net.h.patch
candidate	other	0148/drivers			False	False	stable_gap	0148__drivers__net__phy__mscc__mscc.h.patch
candidate	other	0148/drivers			False	False	stable_gap	0148__drivers__net__wireless__realtek__rtw89__fw.h.patch
candidate	other	0148/drivers			False	False	stable_gap	0148__drivers__net__wireless__realtek__rtw89__reg.h.patch
candidate	other	0148/drivers			False	False	stable_gap	0148__drivers__pci__controller__pcie-rockchip.h.patch
candidate	other	0148/drivers			False	False	stable_gap	0148__drivers__scsi__mpi3mr__mpi3mr.h.patch
candidate	other	0148/drivers			False	False	stable_gap	0148__drivers__target__target_core_internal.h.patch
candidate	other	0148/drivers			False	False	stable_gap	0148__drivers__usb__storage__unusual_devs.h.patch
candidate	other	0148/drivers			False	False	stable_gap	0148__drivers__usb__typec__ucsi__ucsi.h.patch
candidate	other	0148/fs			False	False	stable_gap	0148__fs__nfs__internal.h.patch
candidate	other	0148/fs			False	False	stable_gap	0148__fs__smb__server__transport_rdma.h.patch
candidate	other	0148/include			False	False	stable_gap	0148__include__linux__blk_types.h.patch
candidate	other	0148/include			False	False	stable_gap	0148__include__linux__compiler.h.patch
candidate	other	0148/include			False	False	stable_gap	0148__include__linux__fs.h.patch
candidate	other	0148/include			False	False	stable_gap	0148__include__linux__hypervisor.h.patch
candidate	other	0148/include			False	False	stable_gap	0148__include__linux__if_vlan.h.patch
candidate	other	0148/include			False	False	stable_gap	0148__include__linux__iosys-map.h.patch
candidate	other	0148/include			False	False	stable_gap	0148__include__linux__memfd.h.patch
candidate	other	0148/include			False	False	stable_gap	0148__include__linux__pci.h.patch
candidate	other	0148/include			False	False	stable_gap	0148__include__linux__platform_data__cros_ec_proto.h.patch
candidate	other	0148/include			False	False	stable_gap	0148__include__linux__skbuff.h.patch
candidate	other	0148/include			False	False	stable_gap	0148__include__linux__usb__cdc_ncm.h.patch
candidate	other	0148/include			False	False	stable_gap	0148__include__net__bond_3ad.h.patch
candidate	other	0148/include			False	False	stable_gap	0148__include__net__bond_options.h.patch
candidate	other	0148/include			False	False	stable_gap	0148__include__net__bonding.h.patch
candidate	other	0148/include			False	False	stable_gap	0148__include__net__cfg80211.h.patch
candidate	other	0148/include			False	False	stable_gap	0148__include__net__mac80211.h.patch
candidate	other	0148/include			False	False	stable_gap	0148__include__net__neighbour.h.patch
candidate	other	0148/include			False	False	stable_gap	0148__include__sound__soc-dai.h.patch
candidate	other	0148/include			False	False	stable_gap	0148__include__uapi__linux__if_link.h.patch
candidate	other	0148/include			False	False	stable_gap	0148__include__uapi__linux__in6.h.patch
candidate	other	0148/include			False	False	stable_gap	0148__include__uapi__linux__io_uring.h.patch
candidate	other	0148/include			False	False	stable_gap	0148__include__uapi__linux__pfrut.h.patch
candidate	other	0148/kernel			False	False	stable_gap	0148__kernel__rcu__tree_plugin.h.patch
candidate	other	0148/kernel			False	False	stable_gap	0148__kernel__trace__trace.h.patch
candidate	other	0148/net			False	False	stable_gap	0148__net__bridge__br_private.h.patch
candidate	other	0148/net			False	False	stable_gap	0148__net__mptcp__protocol.h.patch
candidate	other	0148/net			False	False	stable_gap	0148__net__ncsi__internal.h.patch
candidate	other	0148/security			False	False	stable_gap	0148__security__apparmor__include__lib.h.patch
candidate	other	0148/tools			False	False	stable_gap	0148__tools__include__nolibc__std.h.patch
candidate	other	0148/tools			False	False	stable_gap	0148__tools__include__nolibc__types.h.patch
candidate	other	0148/tools			False	False	stable_gap	0148__tools__include__uapi__linux__if_link.h.patch
candidate	other	0148/tools			False	False	stable_gap	0148__tools__testing__selftests__futex__include__futextest.h.patch
candidate	other	0149/drivers			False	False	stable_gap	0149__drivers__net__ethernet__mellanox__mlx5__core__en__port_buffer.h.patch
candidate	other	0149/drivers			False	False	stable_gap	0149__drivers__net__phy__mscc__mscc.h.patch
candidate	other	0149/include			False	False	stable_gap	0149__include__linux__atmdev.h.patch
candidate	other	0149/include			False	False	stable_gap	0149__include__linux__nfs_page.h.patch
candidate	other	0149/include			False	False	stable_gap	0149__include__net__bluetooth__hci_sync.h.patch
candidate	other	0149/include			False	False	stable_gap	0149__include__net__rose.h.patch
candidate	other	0150/arch			False	False	stable_gap	0150__arch__x86__include__asm__pgtable_64_types.h.patch
candidate	other	0150/fs			False	False	stable_gap	0150__fs__btrfs__btrfs_inode.h.patch
candidate	other	0150/include			False	False	stable_gap	0150__include__linux__bpf-cgroup.h.patch
candidate	other	0150/include			False	False	stable_gap	0150__include__linux__pci.h.patch
candidate	other	0150/include			False	False	stable_gap	0150__include__linux__pgtable.h.patch
candidate	other	0150/include			False	False	stable_gap	0150__include__linux__vmalloc.h.patch
landed	other	0150/kernel			False	False	stable_gap	0150__kernel__sched__cpufreq_schedutil.c.patch
candidate	other	0151/arch			False	False	stable_gap	0151__arch__x86__include__asm__entry-common.h.patch
candidate	other	0151/arch			False	False	stable_gap	0151__arch__x86__include__asm__nospec-branch.h.patch
candidate	other	0152/drivers			False	False	stable_gap	0152__drivers__input__serio__i8042-acpipnpio.h.patch
candidate	other	0152/include			False	False	stable_gap	0152__include__linux__compiler-clang.h.patch
candidate	other	0152/net			False	False	stable_gap	0152__net__hsr__hsr_main.h.patch
candidate	other	0153/arch			False	False	stable_gap	0153__arch__loongarch__include__asm__acenv.h.patch
candidate	other	0153/fs			False	False	stable_gap	0153__fs__nilfs2__sysfs.h.patch
candidate	other	0153/include			False	False	stable_gap	0153__include__crypto__if_alg.h.patch
candidate	other	0153/include			False	False	stable_gap	0153__include__uapi__linux__mptcp.h.patch
candidate	other	0153/io_uring			False	False	stable_gap	0153__io_uring__io_uring.h.patch
candidate	other	0153/net			False	False	stable_gap	0153__net__mac80211__driver-ops.h.patch
candidate	other	0154/drivers			False	False	stable_gap	0154__drivers__edac__skx_common.h.patch
candidate	other	0154/drivers			False	False	stable_gap	0154__drivers__gpu__drm__amd__amdgpu__amdgpu.h.patch
candidate	other	0154/drivers			False	False	stable_gap	0154__drivers__gpu__drm__amd__pm__powerplay__hwmgr__ppevvmath.h.patch
candidate	other	0154/drivers			False	False	stable_gap	0154__drivers__gpu__drm__arm__display__include__malidp_utils.h.patch
candidate	other	0154/drivers			False	False	stable_gap	0154__drivers__media__dvb-frontends__stv0367_priv.h.patch
candidate	other	0154/drivers			False	False	stable_gap	0154__drivers__net__can__usb__etas_es58x__es58x_core.h.patch
candidate	other	0154/drivers			False	False	stable_gap	0154__drivers__net__ethernet__intel__i40e__i40e.h.patch
candidate	other	0154/drivers			False	False	stable_gap	0154__drivers__net__ethernet__intel__i40e__i40e_virtchnl_pf.h.patch
candidate	other	0154/drivers			False	False	stable_gap	0154__drivers__staging__media__atomisp__pci__hive_isp_css_include__math_support.h.patch
candidate	other	0154/fs			False	False	stable_gap	0154__fs__btrfs__misc.h.patch
candidate	other	0154/fs			False	False	stable_gap	0154__fs__ext4__ext4.h.patch
candidate	other	0154/fs			False	False	stable_gap	0154__fs__ufs__util.h.patch
candidate	other	0154/include			False	False	stable_gap	0154__include__linux__minmax.h.patch
candidate	other	0154/include			False	False	stable_gap	0154__include__linux__mm.h.patch
candidate	other	0154/include			False	False	stable_gap	0154__include__linux__swap.h.patch
candidate	other	0154/include			False	False	stable_gap	0154__include__net__bluetooth__hci_core.h.patch
candidate	other	0154/net			False	False	stable_gap	0154__net__tipc__core.h.patch
candidate	other	0155/arch			False	False	stable_gap	0155__arch__x86__include__asm__segment.h.patch
candidate	other	0155/drivers			False	False	stable_gap	0155__drivers__hwtracing__coresight__coresight-etm4x.h.patch
candidate	other	0155/drivers			False	False	stable_gap	0155__drivers__md__dm-core.h.patch
candidate	other	0155/fs			False	False	stable_gap	0155__fs__ext4__ext4.h.patch
candidate	other	0155/fs			False	False	stable_gap	0155__fs__squashfs__squashfs_fs_i.h.patch
candidate	other	0155/include			False	False	stable_gap	0155__include__crypto__sha256_base.h.patch
candidate	other	0155/include			False	False	stable_gap	0155__include__linux__device.h.patch
candidate	other	0155/include			False	False	stable_gap	0155__include__trace__events__filelock.h.patch
candidate	other	0155/net			False	False	stable_gap	0155__net__netfilter__ipset__ip_set_hash_gen.h.patch
candidate	other	0155/scripts			False	False	stable_gap	0155__scripts__gcc-plugins__gcc-common.h.patch
candidate	other	0156/arch			False	False	stable_gap	0156__arch__parisc__include__uapi__asm__ioctls.h.patch
candidate	other	0156/arch			False	False	stable_gap	0156__arch__x86__kvm__kvm_emulate.h.patch
candidate	other	0156/drivers			False	False	stable_gap	0156__drivers__gpu__drm__amd__display__dc__dce__dce_transform.h.patch
candidate	other	0156/drivers			False	False	stable_gap	0156__drivers__gpu__drm__amd__include__asic_reg__dce__dce_6_0_d.h.patch
candidate	other	0156/drivers			False	False	stable_gap	0156__drivers__gpu__drm__amd__include__asic_reg__dce__dce_6_0_sh_mask.h.patch
candidate	other	0156/drivers			False	False	stable_gap	0156__drivers__net__wireless__ath__ath11k__hal.h.patch
candidate	other	0156/drivers			False	False	stable_gap	0156__drivers__scsi__mvsas__mv_defs.h.patch
candidate	other	0156/drivers			False	False	stable_gap	0156__drivers__scsi__mvsas__mv_sas.h.patch
candidate	other	0156/fs			False	False	stable_gap	0156__fs__smb__server__ksmbd_netlink.h.patch
candidate	other	0156/fs			False	False	stable_gap	0156__fs__smb__server__server.h.patch
candidate	other	0156/include			False	False	stable_gap	0156__include__acpi__acpixf.h.patch
candidate	other	0156/include			False	False	stable_gap	0156__include__linux__iio__frequency__adf4350.h.patch
candidate	other	0156/include			False	False	stable_gap	0156__include__linux__sched.h.patch
candidate	other	0156/include			False	False	stable_gap	0156__include__media__v4l2-subdev.h.patch
candidate	other	0156/include			False	False	stable_gap	0156__include__scsi__libsas.h.patch
landed	other	0156/kernel			False	False	stable_gap	0156__kernel__sched__deadline.c.patch
candidate	other	0156/kernel			False	False	stable_gap	0156__kernel__trace__trace_probe.h.patch
candidate	other	0156/net			False	False	stable_gap	0156__net__mptcp__protocol.h.patch
candidate	other	0156/tools			False	False	stable_gap	0156__tools__lib__perf__include__perf__event.h.patch
candidate	other	0156/tools			False	False	stable_gap	0156__tools__perf__util__arm-spe-decoder__arm-spe-decoder.h.patch
candidate	other	0156/tools			False	False	stable_gap	0156__tools__testing__selftests__vm__vm_util.h.patch
candidate	other	0157/arch			False	False	stable_gap	0157__arch__arm64__include__asm__cputype.h.patch
candidate	other	0157/arch			False	False	stable_gap	0157__arch__arm64__include__asm__pgtable.h.patch
candidate	other	0157/arch			False	False	stable_gap	0157__arch__m68k__include__asm__bitops.h.patch
candidate	other	0157/arch			False	False	stable_gap	0157__arch__powerpc__include__asm__pgtable.h.patch
candidate	other	0157/arch			False	False	stable_gap	0157__arch__riscv__include__asm__pgtable.h.patch
candidate	other	0157/drivers			False	False	stable_gap	0157__drivers__gpu__drm__rcar-du__rcar_mipi_dsi_regs.h.patch
candidate	other	0157/drivers			False	False	stable_gap	0157__drivers__misc__mei__hw-me-regs.h.patch
candidate	other	0157/drivers			False	False	stable_gap	0157__drivers__net__ethernet__freescale__enetc__enetc.h.patch
candidate	other	0157/drivers			False	False	stable_gap	0157__drivers__net__ethernet__intel__ixgbevf__defines.h.patch
candidate	other	0157/drivers			False	False	stable_gap	0157__drivers__net__ethernet__intel__ixgbevf__ixgbevf.h.patch
candidate	other	0157/drivers			False	False	stable_gap	0157__drivers__net__ethernet__intel__ixgbevf__mbx.h.patch
candidate	other	0157/drivers			False	False	stable_gap	0157__drivers__net__ethernet__intel__ixgbevf__vf.h.patch
candidate	other	0157/fs			False	False	stable_gap	0157__fs__fuse__fuse_i.h.patch
candidate	other	0157/fs			False	False	stable_gap	0157__fs__hfsplus__hfsplus_fs.h.patch
candidate	other	0157/fs			False	False	stable_gap	0157__fs__nfsd__xdr4.h.patch
candidate	other	0157/fs			False	False	stable_gap	0157__fs__smb__server__transport_tcp.h.patch
candidate	other	0157/fs			False	False	stable_gap	0157__fs__xfs__libxfs__xfs_log_format.h.patch
candidate	other	0157/fs			False	False	stable_gap	0157__fs__xfs__xfs_log_priv.h.patch
candidate	other	0157/fs			False	False	stable_gap	0157__fs__xfs__xfs_ondisk.h.patch
candidate	other	0157/include			False	False	stable_gap	0157__include__linux__cpufreq.h.patch
candidate	other	0157/include			False	False	stable_gap	0157__include__linux__mm.h.patch
candidate	other	0157/include			False	False	stable_gap	0157__include__linux__pci.h.patch
candidate	other	0157/include			False	False	stable_gap	0157__include__linux__pm_runtime.h.patch
candidate	other	0157/include			False	False	stable_gap	0157__include__linux__usb__gadget.h.patch
candidate	other	0157/include			False	False	stable_gap	0157__include__net__ip_tunnels.h.patch
candidate	other	0157/rust			False	False	stable_gap	0157__rust__bindings__bindings_helper.h.patch
candidate	other	0157/sound			False	False	stable_gap	0157__sound__firewire__amdtp-stream.h.patch
candidate	other	0158/arch			False	False	stable_gap	0158__arch__arc__include__asm__bitops.h.patch
candidate	other	0158/arch			False	False	stable_gap	0158__arch__loongarch__include__asm__pgtable.h.patch
candidate	other	0158/arch			False	False	stable_gap	0158__arch__loongarch__include__uapi__asm__bitsperlong.h.patch
candidate	other	0158/arch			False	False	stable_gap	0158__arch__s390__include__asm__pci.h.patch
candidate	other	0158/arch			False	False	stable_gap	0158__arch__sparc__include__asm__elf_64.h.patch
candidate	other	0158/arch			False	False	stable_gap	0158__arch__sparc__include__asm__io_64.h.patch
candidate	other	0158/drivers			False	False	stable_gap	0158__drivers__gpu__drm__amd__amdkfd__kfd_priv.h.patch
candidate	other	0158/drivers			False	False	stable_gap	0158__drivers__gpu__drm__amd__display__include__dal_asic_id.h.patch
candidate	other	0158/drivers			False	False	stable_gap	0158__drivers__iio__accel__bmc150-accel.h.patch
candidate	other	0158/drivers			False	False	stable_gap	0158__drivers__iio__imu__st_lsm6dsx__st_lsm6dsx.h.patch
candidate	other	0158/drivers			False	False	stable_gap	0158__drivers__infiniband__hw__irdma__verbs.h.patch
candidate	other	0158/drivers			False	False	stable_gap	0158__drivers__iommu__intel__perf.h.patch
candidate	other	0158/drivers			False	False	stable_gap	0158__drivers__media__pci__ivtv__ivtv-driver.h.patch
candidate	other	0158/drivers			False	False	stable_gap	0158__drivers__net__dsa__microchip__ksz9477_reg.h.patch
candidate	other	0158/drivers			False	False	stable_gap	0158__drivers__net__dsa__microchip__ksz_common.h.patch
candidate	other	0158/drivers			False	False	stable_gap	0158__drivers__net__ethernet__aquantia__atlantic__aq_hw_utils.h.patch
candidate	other	0158/drivers			False	False	stable_gap	0158__drivers__net__ethernet__hisilicon__hns3__hns3pf__hclge_mdio.h.patch
candidate	other	0158/drivers			False	False	stable_gap	0158__drivers__net__ethernet__intel__fm10k__fm10k_common.h.patch
candidate	other	0158/drivers			False	False	stable_gap	0158__drivers__net__ethernet__intel__ice__ice_trace.h.patch
candidate	other	0158/drivers			False	False	stable_gap	0158__drivers__net__ethernet__mellanox__mlx5__core__en.h.patch
candidate	other	0158/drivers			False	False	stable_gap	0158__drivers__net__ethernet__mellanox__mlx5__core__en__port.h.patch
candidate	other	0158/drivers			False	False	stable_gap	0158__drivers__net__ethernet__mellanox__mlx5__core__en__port_buffer.h.patch
candidate	other	0158/drivers			False	False	stable_gap	0158__drivers__net__wireless__ath__ath11k__wmi.h.patch
candidate	other	0158/drivers			False	False	stable_gap	0158__drivers__net__wireless__broadcom__brcm80211__brcmfmac__p2p.h.patch
candidate	other	0158/drivers			False	False	stable_gap	0158__drivers__pci__controller__cadence__pcie-cadence.h.patch
candidate	other	0158/drivers			False	False	stable_gap	0158__drivers__scsi__libfc__fc_encode.h.patch
candidate	other	0158/drivers			False	False	stable_gap	0158__drivers__scsi__lpfc__lpfc_debugfs.h.patch
candidate	other	0158/drivers			False	False	stable_gap	0158__drivers__scsi__pm8001__pm8001_sas.h.patch
candidate	other	0158/drivers			False	False	stable_gap	0158__drivers__staging__rtl8712__basic_types.h.patch
candidate	other	0158/drivers			False	False	stable_gap	0158__drivers__staging__rtl8712__drv_types.h.patch
candidate	other	0158/drivers			False	False	stable_gap	0158__drivers__staging__rtl8712__ethernet.h.patch
candidate	other	0158/drivers			False	False	stable_gap	0158__drivers__staging__rtl8712__ieee80211.h.patch
candidate	other	0158/drivers			False	False	stable_gap	0158__drivers__staging__rtl8712__mlme_osdep.h.patch
candidate	other	0158/drivers			False	False	stable_gap	0158__drivers__staging__rtl8712__mp_custom_oid.h.patch
candidate	other	0158/drivers			False	False	stable_gap	0158__drivers__staging__rtl8712__osdep_intf.h.patch
candidate	other	0158/drivers			False	False	stable_gap	0158__drivers__staging__rtl8712__osdep_service.h.patch
candidate	other	0158/drivers			False	False	stable_gap	0158__drivers__staging__rtl8712__recv_osdep.h.patch
candidate	other	0158/drivers			False	False	stable_gap	0158__drivers__staging__rtl8712__rtl8712_bitdef.h.patch
candidate	other	0158/drivers			False	False	stable_gap	0158__drivers__staging__rtl8712__rtl8712_cmd.h.patch
candidate	other	0158/drivers			False	False	stable_gap	0158__drivers__staging__rtl8712__rtl8712_cmdctrl_bitdef.h.patch
candidate	other	0158/drivers			False	False	stable_gap	0158__drivers__staging__rtl8712__rtl8712_cmdctrl_regdef.h.patch
candidate	other	0158/drivers			False	False	stable_gap	0158__drivers__staging__rtl8712__rtl8712_debugctrl_bitdef.h.patch
candidate	other	0158/drivers			False	False	stable_gap	0158__drivers__staging__rtl8712__rtl8712_debugctrl_regdef.h.patch
candidate	other	0158/drivers			False	False	stable_gap	0158__drivers__staging__rtl8712__rtl8712_edcasetting_bitdef.h.patch
candidate	other	0158/drivers			False	False	stable_gap	0158__drivers__staging__rtl8712__rtl8712_edcasetting_regdef.h.patch
candidate	other	0158/drivers			False	False	stable_gap	0158__drivers__staging__rtl8712__rtl8712_efuse.h.patch
candidate	other	0158/drivers			False	False	stable_gap	0158__drivers__staging__rtl8712__rtl8712_event.h.patch
candidate	other	0158/drivers			False	False	stable_gap	0158__drivers__staging__rtl8712__rtl8712_fifoctrl_bitdef.h.patch
candidate	other	0158/drivers			False	False	stable_gap	0158__drivers__staging__rtl8712__rtl8712_fifoctrl_regdef.h.patch
candidate	other	0158/drivers			False	False	stable_gap	0158__drivers__staging__rtl8712__rtl8712_gp_bitdef.h.patch
candidate	other	0158/drivers			False	False	stable_gap	0158__drivers__staging__rtl8712__rtl8712_gp_regdef.h.patch
candidate	other	0158/drivers			False	False	stable_gap	0158__drivers__staging__rtl8712__rtl8712_hal.h.patch
candidate	other	0158/drivers			False	False	stable_gap	0158__drivers__staging__rtl8712__rtl8712_interrupt_bitdef.h.patch
candidate	other	0158/drivers			False	False	stable_gap	0158__drivers__staging__rtl8712__rtl8712_macsetting_bitdef.h.patch
candidate	other	0158/drivers			False	False	stable_gap	0158__drivers__staging__rtl8712__rtl8712_macsetting_regdef.h.patch
candidate	other	0158/drivers			False	False	stable_gap	0158__drivers__staging__rtl8712__rtl8712_powersave_bitdef.h.patch
candidate	other	0158/drivers			False	False	stable_gap	0158__drivers__staging__rtl8712__rtl8712_powersave_regdef.h.patch
candidate	other	0158/drivers			False	False	stable_gap	0158__drivers__staging__rtl8712__rtl8712_ratectrl_bitdef.h.patch
candidate	other	0158/drivers			False	False	stable_gap	0158__drivers__staging__rtl8712__rtl8712_ratectrl_regdef.h.patch
candidate	other	0158/drivers			False	False	stable_gap	0158__drivers__staging__rtl8712__rtl8712_recv.h.patch
candidate	other	0158/drivers			False	False	stable_gap	0158__drivers__staging__rtl8712__rtl8712_regdef.h.patch
candidate	other	0158/drivers			False	False	stable_gap	0158__drivers__staging__rtl8712__rtl8712_security_bitdef.h.patch
candidate	other	0158/drivers			False	False	stable_gap	0158__drivers__staging__rtl8712__rtl8712_spec.h.patch
candidate	other	0158/drivers			False	False	stable_gap	0158__drivers__staging__rtl8712__rtl8712_syscfg_bitdef.h.patch
candidate	other	0158/drivers			False	False	stable_gap	0158__drivers__staging__rtl8712__rtl8712_syscfg_regdef.h.patch
candidate	other	0158/drivers			False	False	stable_gap	0158__drivers__staging__rtl8712__rtl8712_timectrl_bitdef.h.patch
candidate	other	0158/drivers			False	False	stable_gap	0158__drivers__staging__rtl8712__rtl8712_timectrl_regdef.h.patch
candidate	other	0158/drivers			False	False	stable_gap	0158__drivers__staging__rtl8712__rtl8712_wmac_bitdef.h.patch
candidate	other	0158/drivers			False	False	stable_gap	0158__drivers__staging__rtl8712__rtl8712_wmac_regdef.h.patch
candidate	other	0158/drivers			False	False	stable_gap	0158__drivers__staging__rtl8712__rtl8712_xmit.h.patch
candidate	other	0158/drivers			False	False	stable_gap	0158__drivers__staging__rtl8712__rtl871x_cmd.h.patch
candidate	other	0158/drivers			False	False	stable_gap	0158__drivers__staging__rtl8712__rtl871x_debug.h.patch
candidate	other	0158/drivers			False	False	stable_gap	0158__drivers__staging__rtl8712__rtl871x_eeprom.h.patch
candidate	other	0158/drivers			False	False	stable_gap	0158__drivers__staging__rtl8712__rtl871x_event.h.patch
candidate	other	0158/drivers			False	False	stable_gap	0158__drivers__staging__rtl8712__rtl871x_ht.h.patch
candidate	other	0158/drivers			False	False	stable_gap	0158__drivers__staging__rtl8712__rtl871x_io.h.patch
candidate	other	0158/drivers			False	False	stable_gap	0158__drivers__staging__rtl8712__rtl871x_ioctl.h.patch
candidate	other	0158/drivers			False	False	stable_gap	0158__drivers__staging__rtl8712__rtl871x_ioctl_rtl.h.patch
candidate	other	0158/drivers			False	False	stable_gap	0158__drivers__staging__rtl8712__rtl871x_ioctl_set.h.patch
candidate	other	0158/drivers			False	False	stable_gap	0158__drivers__staging__rtl8712__rtl871x_led.h.patch
candidate	other	0158/drivers			False	False	stable_gap	0158__drivers__staging__rtl8712__rtl871x_mlme.h.patch
candidate	other	0158/drivers			False	False	stable_gap	0158__drivers__staging__rtl8712__rtl871x_mp.h.patch
candidate	other	0158/drivers			False	False	stable_gap	0158__drivers__staging__rtl8712__rtl871x_mp_ioctl.h.patch
candidate	other	0158/drivers			False	False	stable_gap	0158__drivers__staging__rtl8712__rtl871x_mp_phy_regdef.h.patch
candidate	other	0158/drivers			False	False	stable_gap	0158__drivers__staging__rtl8712__rtl871x_pwrctrl.h.patch
candidate	other	0158/drivers			False	False	stable_gap	0158__drivers__staging__rtl8712__rtl871x_recv.h.patch
candidate	other	0158/drivers			False	False	stable_gap	0158__drivers__staging__rtl8712__rtl871x_rf.h.patch
candidate	other	0158/drivers			False	False	stable_gap	0158__drivers__staging__rtl8712__rtl871x_security.h.patch
candidate	other	0158/drivers			False	False	stable_gap	0158__drivers__staging__rtl8712__rtl871x_wlan_sme.h.patch
candidate	other	0158/drivers			False	False	stable_gap	0158__drivers__staging__rtl8712__rtl871x_xmit.h.patch
candidate	other	0158/drivers			False	False	stable_gap	0158__drivers__staging__rtl8712__sta_info.h.patch
candidate	other	0158/drivers			False	False	stable_gap	0158__drivers__staging__rtl8712__usb_ops.h.patch
candidate	other	0158/drivers			False	False	stable_gap	0158__drivers__staging__rtl8712__usb_osintf.h.patch
candidate	other	0158/drivers			False	False	stable_gap	0158__drivers__staging__rtl8712__wifi.h.patch
candidate	other	0158/drivers			False	False	stable_gap	0158__drivers__staging__rtl8712__wlan_bssdef.h.patch
candidate	other	0158/drivers			False	False	stable_gap	0158__drivers__staging__rtl8712__xmit_osdep.h.patch
candidate	other	0158/drivers			False	False	stable_gap	0158__drivers__thunderbolt__nhi.h.patch
candidate	other	0158/drivers			False	False	stable_gap	0158__drivers__usb__gadget__udc__trace.h.patch
candidate	other	0158/drivers			False	False	stable_gap	0158__drivers__usb__host__xhci-dbgcap.h.patch
candidate	other	0158/drivers			False	False	stable_gap	0158__drivers__usb__serial__ftdi_sio_ids.h.patch
candidate	other	0158/include			False	False	stable_gap	0158__include__acpi__pcc.h.patch
candidate	other	0158/include			False	False	stable_gap	0158__include__linux__ata.h.patch
candidate	other	0158/include			False	False	stable_gap	0158__include__linux__cacheinfo.h.patch
candidate	other	0158/include			False	False	stable_gap	0158__include__linux__compiler_types.h.patch
candidate	other	0158/include			False	False	stable_gap	0158__include__linux__fbcon.h.patch
candidate	other	0158/include			False	False	stable_gap	0158__include__linux__filter.h.patch
candidate	other	0158/include			False	False	stable_gap	0158__include__linux__fs.h.patch
candidate	other	0158/include			False	False	stable_gap	0158__include__linux__host1x.h.patch
candidate	other	0158/include			False	False	stable_gap	0158__include__linux__kernel.h.patch
candidate	other	0158/include			False	False	stable_gap	0158__include__linux__map_benchmark.h.patch
candidate	other	0158/include			False	False	stable_gap	0158__include__linux__mlx5__driver.h.patch
candidate	other	0158/include			False	False	stable_gap	0158__include__linux__mlx5__mlx5_ifc.h.patch
candidate	other	0158/include			False	False	stable_gap	0158__include__linux__pagemap.h.patch
candidate	other	0158/include			False	False	stable_gap	0158__include__linux__pci.h.patch
candidate	other	0158/include			False	False	stable_gap	0158__include__linux__shdma-base.h.patch
candidate	other	0158/include			False	False	stable_gap	0158__include__linux__string.h.patch
candidate	other	0158/include			False	False	stable_gap	0158__include__linux__suspend.h.patch
candidate	other	0158/include			False	False	stable_gap	0158__include__linux__usb__gadget.h.patch
candidate	other	0158/include			False	False	stable_gap	0158__include__net__bluetooth__hci.h.patch
candidate	other	0158/include			False	False	stable_gap	0158__include__net__bluetooth__mgmt.h.patch
candidate	other	0158/include			False	False	stable_gap	0158__include__net__cls_cgroup.h.patch
candidate	other	0158/include			False	False	stable_gap	0158__include__net__nfc__nci_core.h.patch
candidate	other	0158/include			False	False	stable_gap	0158__include__net__pkt_sched.h.patch
candidate	other	0158/include			False	False	stable_gap	0158__include__net__tc_act__tc_connmark.h.patch
candidate	other	0158/include			False	False	stable_gap	0158__include__net__tls.h.patch
candidate	other	0158/include			False	False	stable_gap	0158__include__net__xdp.h.patch
candidate	other	0158/include			False	False	stable_gap	0158__include__net__xfrm.h.patch
candidate	other	0158/include			False	False	stable_gap	0158__include__uapi__asm-generic__bitsperlong.h.patch
candidate	other	0158/include			False	False	stable_gap	0158__include__ufs__ufshci.h.patch
candidate	other	0158/net			False	False	stable_gap	0158__net__bridge__br_private.h.patch
candidate	other	0158/net			False	False	stable_gap	0158__net__mptcp__protocol.h.patch
candidate	other	0158/net			False	False	stable_gap	0158__net__openvswitch__flow_netlink.h.patch
candidate	other	0158/net			False	False	stable_gap	0158__net__rds__rds.h.patch
candidate	other	0158/tools			False	False	stable_gap	0158__tools__include__linux__bitmap.h.patch
candidate	other	0158/tools			False	False	stable_gap	0158__tools__include__uapi__asm-generic__bitsperlong.h.patch
candidate	other	0158/tools			False	False	stable_gap	0158__tools__include__uapi__asm__bitsperlong.h.patch
candidate	other	0158/tools			False	False	stable_gap	0158__tools__lib__bpf__bpf_tracing.h.patch
candidate	other	0159/arch			False	False	stable_gap	0159__arch__arm__include__asm__word-at-a-time.h.patch
candidate	other	0159/arch			False	False	stable_gap	0159__arch__loongarch__include__asm__pgtable.h.patch
candidate	other	0159/arch			False	False	stable_gap	0159__arch__powerpc__include__asm__book3s__32__tlbflush.h.patch
candidate	other	0159/arch			False	False	stable_gap	0159__arch__powerpc__include__asm__book3s__64__mmu-hash.h.patch
candidate	other	0159/arch			False	False	stable_gap	0159__arch__powerpc__include__asm__kfence.h.patch
candidate	other	0159/arch			False	False	stable_gap	0159__arch__powerpc__mm__book3s64__internal.h.patch
candidate	other	0159/arch			False	False	stable_gap	0159__arch__x86__include__asm__kvm_host.h.patch
candidate	other	0159/arch			False	False	stable_gap	0159__arch__x86__include__asm__ptrace.h.patch
candidate	other	0159/arch			False	False	stable_gap	0159__arch__x86__kvm__mmu__mmu_internal.h.patch
candidate	other	0159/arch			False	False	stable_gap	0159__arch__x86__kvm__mmu__paging_tmpl.h.patch
candidate	other	0159/arch			False	False	stable_gap	0159__arch__x86__kvm__svm__svm.h.patch
candidate	other	0159/arch			False	False	stable_gap	0159__arch__x86__kvm__vmx__vmx.h.patch
candidate	other	0159/drivers			False	False	stable_gap	0159__drivers__block__rnbd__rnbd-clt.h.patch
candidate	other	0159/drivers			False	False	stable_gap	0159__drivers__gpu__drm__amd__amdgpu__amdgpu_job.h.patch
candidate	other	0159/drivers			False	False	stable_gap	0159__drivers__gpu__drm__nouveau__dispnv50__atom.h.patch
candidate	other	0159/drivers			False	False	stable_gap	0159__drivers__hid__hid-ids.h.patch
candidate	other	0159/drivers			False	False	stable_gap	0159__drivers__input__serio__i8042-acpipnpio.h.patch
candidate	other	0159/drivers			False	False	stable_gap	0159__drivers__iommu__omap-iommu.h.patch
candidate	other	0159/drivers			False	False	stable_gap	0159__drivers__md__md.h.patch
candidate	other	0159/drivers			False	False	stable_gap	0159__drivers__media__platform__amphion__vpu_v4l2.h.patch
candidate	other	0159/drivers			False	False	stable_gap	0159__drivers__media__platform__verisilicon__hantro_g2_regs.h.patch
candidate	other	0159/drivers			False	False	stable_gap	0159__drivers__media__platform__verisilicon__hantro_hw.h.patch
candidate	other	0159/drivers			False	False	stable_gap	0159__drivers__net__ethernet__intel__i40e__i40e.h.patch
candidate	other	0159/drivers			False	False	stable_gap	0159__drivers__net__ethernet__intel__i40e__i40e_txrx.h.patch
candidate	other	0159/drivers			False	False	stable_gap	0159__drivers__net__ethernet__mellanox__mlx5__core__diag__fw_tracer.h.patch
candidate	other	0159/drivers			False	False	stable_gap	0159__drivers__net__ethernet__mellanox__mlx5__core__mlx5_core.h.patch
candidate	other	0159/drivers			False	False	stable_gap	0159__drivers__net__ethernet__stmicro__stmmac__common.h.patch
candidate	other	0159/drivers			False	False	stable_gap	0159__drivers__net__ethernet__stmicro__stmmac__dwmac4.h.patch
candidate	other	0159/drivers			False	False	stable_gap	0159__drivers__net__ethernet__stmicro__stmmac__dwmac4_dma.h.patch
candidate	other	0159/drivers			False	False	stable_gap	0159__drivers__net__ethernet__stmicro__stmmac__dwmac_dma.h.patch
candidate	other	0159/drivers			False	False	stable_gap	0159__drivers__net__ethernet__stmicro__stmmac__hwif.h.patch
candidate	other	0159/drivers			False	False	stable_gap	0159__drivers__net__ethernet__stmicro__stmmac__stmmac.h.patch
candidate	other	0159/drivers			False	False	stable_gap	0159__drivers__pci__controller__dwc__pcie-designware.h.patch
candidate	other	0159/drivers			False	False	stable_gap	0159__drivers__scsi__qla2xxx__qla_def.h.patch
candidate	other	0159/drivers			False	False	stable_gap	0159__drivers__scsi__qla2xxx__qla_gbl.h.patch
candidate	other	0159/drivers			False	False	stable_gap	0159__drivers__scsi__smartpqi__smartpqi.h.patch
candidate	other	0159/drivers			False	False	stable_gap	0159__drivers__usb__host__xhci.h.patch
candidate	other	0159/drivers			False	False	stable_gap	0159__drivers__usb__storage__unusual_uas.h.patch
candidate	other	0159/fs			False	False	stable_gap	0159__fs__ext4__ext4.h.patch
candidate	other	0159/fs			False	False	stable_gap	0159__fs__f2fs__xattr.h.patch
candidate	other	0159/fs			False	False	stable_gap	0159__fs__nfs__internal.h.patch
candidate	other	0159/fs			False	False	stable_gap	0159__fs__ntfs3__ntfs_fs.h.patch
candidate	other	0159/fs			False	False	stable_gap	0159__fs__smb__server__mgmt__tree_connect.h.patch
candidate	other	0159/include			False	False	stable_gap	0159__include__linux__compiler_types.h.patch
candidate	other	0159/include			False	False	stable_gap	0159__include__linux__cper.h.patch
candidate	other	0159/include			False	False	stable_gap	0159__include__linux__filter.h.patch
candidate	other	0159/include			False	False	stable_gap	0159__include__linux__fs_context.h.patch
candidate	other	0159/include			False	False	stable_gap	0159__include__linux__genalloc.h.patch
candidate	other	0159/include			False	False	stable_gap	0159__include__linux__ieee80211.h.patch
candidate	other	0159/include			False	False	stable_gap	0159__include__linux__if_bridge.h.patch
candidate	other	0159/include			False	False	stable_gap	0159__include__linux__kasan.h.patch
candidate	other	0159/include			False	False	stable_gap	0159__include__linux__mlx5__driver.h.patch
candidate	other	0159/include			False	False	stable_gap	0159__include__linux__nfs_fs_sb.h.patch
candidate	other	0159/include			False	False	stable_gap	0159__include__linux__nfs_xdr.h.patch
candidate	other	0159/include			False	False	stable_gap	0159__include__linux__platform_data__lp855x.h.patch
candidate	other	0159/include			False	False	stable_gap	0159__include__linux__rculist_nulls.h.patch
candidate	other	0159/include			False	False	stable_gap	0159__include__linux__reset.h.patch
candidate	other	0159/include			False	False	stable_gap	0159__include__linux__sched__topology.h.patch
candidate	other	0159/include			False	False	stable_gap	0159__include__linux__security.h.patch
candidate	other	0159/include			False	False	stable_gap	0159__include__linux__serial_core.h.patch
candidate	other	0159/include			False	False	stable_gap	0159__include__linux__stmmac.h.patch
candidate	other	0159/include			False	False	stable_gap	0159__include__linux__tpm.h.patch
candidate	other	0159/include			False	False	stable_gap	0159__include__linux__tty_port.h.patch
candidate	other	0159/include			False	False	stable_gap	0159__include__linux__virtio_config.h.patch
candidate	other	0159/include			False	False	stable_gap	0159__include__media__v4l2-mem2mem.h.patch
candidate	other	0159/include			False	False	stable_gap	0159__include__net__mac80211.h.patch
candidate	other	0159/include			False	False	stable_gap	0159__include__net__netfilter__nf_conntrack_count.h.patch
candidate	other	0159/include			False	False	stable_gap	0159__include__net__sock.h.patch
candidate	other	0159/include			False	False	stable_gap	0159__include__net__xfrm.h.patch
candidate	other	0159/include			False	False	stable_gap	0159__include__sound__snd_wavefront.h.patch
candidate	other	0159/include			False	False	stable_gap	0159__include__uapi__linux__mptcp.h.patch
candidate	other	0159/include			False	False	stable_gap	0159__include__uapi__sound__asound.h.patch
candidate	other	0159/kernel			False	False	stable_gap	0159__kernel__sched__features.h.patch
candidate	other	0159/kernel			False	False	stable_gap	0159__kernel__sched__sched.h.patch
candidate	other	0159/kernel			False	False	stable_gap	0159__kernel__sched__topology.c.patch
candidate	other	0159/mm			False	False	stable_gap	0159__mm__damon__core-test.h.patch
candidate	other	0159/mm			False	False	stable_gap	0159__mm__damon__vaddr-test.h.patch
candidate	other	0159/net			False	False	stable_gap	0159__net__bridge__br_private.h.patch
candidate	other	0159/net			False	False	stable_gap	0159__net__mac80211__ieee80211_i.h.patch
candidate	other	0159/net			False	False	stable_gap	0159__net__mptcp__protocol.h.patch
candidate	other	0159/net			False	False	stable_gap	0159__net__wireless__rdev-ops.h.patch
candidate	other	0159/net			False	False	stable_gap	0159__net__wireless__trace.h.patch
candidate	other	0159/sound			False	False	stable_gap	0159__sound__soc__fsl__fsl_xcvr.h.patch
candidate	other	0159/tools			False	False	stable_gap	0159__tools__include__nolibc__stdio.h.patch
candidate	other	0159/tools			False	False	stable_gap	0159__tools__objtool__include__objtool__elf.h.patch
candidate	other	0160/arch			False	False	stable_gap	0160__arch__alpha__include__uapi__asm__ioctls.h.patch
candidate	other	0160/drivers			False	False	stable_gap	0160__drivers__net__ethernet__broadcom__bnxt__bnxt.h.patch
candidate	other	0160/drivers			False	False	stable_gap	0160__drivers__scsi__libsas__sas_internal.h.patch
candidate	other	0160/fs			False	False	stable_gap	0160__fs__ext4__xattr.h.patch
candidate	other	0160/fs			False	False	stable_gap	0160__fs__nfs__nfs4trace.h.patch
candidate	other	0160/fs			False	False	stable_gap	0160__fs__nfsd__netns.h.patch
candidate	other	0160/fs			False	False	stable_gap	0160__fs__nfsd__nfsd.h.patch
candidate	other	0160/fs			False	False	stable_gap	0160__fs__nfsd__state.h.patch
candidate	other	0160/fs			False	False	stable_gap	0160__fs__smb__client__nterr.h.patch
candidate	other	0160/include			False	False	stable_gap	0160__include__linux__netdevice.h.patch
candidate	other	0160/include			False	False	stable_gap	0160__include__linux__pagewalk.h.patch
candidate	other	0160/include			False	False	stable_gap	0160__include__net__dst.h.patch
candidate	other	0160/include			False	False	stable_gap	0160__include__trace__misc__nfs.h.patch
candidate	other	0160/include			False	False	stable_gap	0160__include__uapi__linux__nfs.h.patch
candidate	other	0161/arch			False	False	stable_gap	0161__arch__riscv__include__asm__compat.h.patch
candidate	other	0161/arch			False	False	stable_gap	0161__arch__x86__events__perf_event.h.patch
candidate	other	0161/arch			False	False	stable_gap	0161__arch__x86__include__asm__kfence.h.patch
candidate	other	0161/arch			False	False	stable_gap	0161__arch__x86__kernel__cpu__resctrl__internal.h.patch
candidate	other	0161/drivers			False	False	stable_gap	0161__drivers__crypto__qat__qat_common__adf_common_drv.h.patch
candidate	other	0161/drivers			False	False	stable_gap	0161__drivers__gpu__drm__amd__amdgpu__amdgpu_virt.h.patch
candidate	other	0161/drivers			False	False	stable_gap	0161__drivers__input__serio__i8042-acpipnpio.h.patch
candidate	other	0161/drivers			False	False	stable_gap	0161__drivers__misc__mei__mei-trace.h.patch
candidate	other	0161/drivers			False	False	stable_gap	0161__drivers__net__ethernet__hisilicon__hns3__hns3pf__hclge_cmd.h.patch
candidate	other	0161/drivers			False	False	stable_gap	0161__drivers__net__ethernet__marvell__octeontx2__nic__otx2_common.h.patch
candidate	other	0161/drivers			False	False	stable_gap	0161__drivers__net__hyperv__hyperv_net.h.patch
candidate	other	0161/drivers			False	False	stable_gap	0161__drivers__net__ipvlan__ipvlan.h.patch
candidate	other	0161/drivers			False	False	stable_gap	0161__drivers__net__netdevsim__netdevsim.h.patch
candidate	other	0161/drivers			False	False	stable_gap	0161__drivers__nvme__host__fabrics.h.patch
candidate	other	0161/drivers			False	False	stable_gap	0161__drivers__nvme__host__nvme.h.patch
candidate	other	0161/drivers			False	False	stable_gap	0161__drivers__ptp__ptp_private.h.patch
candidate	other	0161/drivers			False	False	stable_gap	0161__drivers__usb__dwc3__core.h.patch
candidate	other	0161/drivers			False	False	stable_gap	0161__drivers__usb__serial__ftdi_sio_ids.h.patch
candidate	other	0161/fs			False	False	stable_gap	0161__fs__btrfs__ctree.h.patch
candidate	other	0161/fs			False	False	stable_gap	0161__fs__btrfs__space-info.h.patch
candidate	other	0161/fs			False	False	stable_gap	0161__fs__smb__server__mgmt__user_session.h.patch
candidate	other	0161/include			False	False	stable_gap	0161__include__linux__kfence.h.patch
candidate	other	0161/include			False	False	stable_gap	0161__include__linux__libata.h.patch
candidate	other	0161/include			False	False	stable_gap	0161__include__linux__nvme.h.patch
candidate	other	0161/include			False	False	stable_gap	0161__include__linux__posix-clock.h.patch
candidate	other	0161/include			False	False	stable_gap	0161__include__linux__textsearch.h.patch
candidate	other	0161/include			False	False	stable_gap	0161__include__linux__usb__quirks.h.patch
candidate	other	0161/include			False	False	stable_gap	0161__include__net__bonding.h.patch
candidate	other	0161/include			False	False	stable_gap	0161__include__net__nfc__nfc.h.patch
candidate	other	0161/include			False	False	stable_gap	0161__include__scsi__scsi_eh.h.patch
candidate	other	0161/include			False	False	stable_gap	0161__include__sound__pcm.h.patch
candidate	other	0161/include			False	False	stable_gap	0161__include__uapi__linux__comedi.h.patch
candidate	other	0161/include			False	False	stable_gap	0161__include__xen__xenbus.h.patch
candidate	other	0161/net			False	False	stable_gap	0161__net__mac80211__ieee80211_i.h.patch
candidate	other	0162/arch			False	False	stable_gap	0162__arch__arm__include__asm__string.h.patch
candidate	other	0162/arch			False	False	stable_gap	0162__arch__riscv__include__asm__cacheflush.h.patch
candidate	other	0162/drivers			False	False	stable_gap	0162__drivers__gpu__drm__mgag200__mgag200_drv.h.patch
candidate	other	0162/fs			False	False	stable_gap	0162__fs__hfsplus__hfsplus_fs.h.patch
candidate	other	0162/kernel			False	False	stable_gap	0162__kernel__trace__trace.h.patch
candidate	other	0162/kernel			False	False	stable_gap	0162__kernel__trace__trace_entries.h.patch
candidate	other	0163/drivers			False	False	stable_gap	0163__drivers__scsi__qla2xxx__qla_def.h.patch
candidate	other	0163/drivers			False	False	stable_gap	0163__drivers__scsi__qla2xxx__qla_gbl.h.patch
candidate	other	0163/fs			False	False	stable_gap	0163__fs__btrfs__space-info.h.patch
candidate	other	0163/fs			False	False	stable_gap	0163__fs__nfsd__stats.h.patch
candidate	other	0163/fs			False	False	stable_gap	0163__fs__smb__client__cached_dir.h.patch
candidate	other	0163/include			False	False	stable_gap	0163__include__net__ip_tunnels.h.patch
candidate	other	0163/include			False	False	stable_gap	0163__include__net__xdp_sock.h.patch
candidate	other	0163/include			False	False	stable_gap	0163__include__net__xsk_buff_pool.h.patch
candidate	other	0163/net			False	False	stable_gap	0163__net__mptcp__protocol.h.patch
candidate	other	0164/arch			False	False	stable_gap	0164__arch__arm64__include__asm__rwonce.h.patch
candidate	other	0164/arch			False	False	stable_gap	0164__arch__loongarch__include__asm__topology.h.patch
candidate	other	0164/arch			False	False	stable_gap	0164__arch__mips__include__asm__mach-loongson64__topology.h.patch
candidate	other	0164/arch			False	False	stable_gap	0164__arch__openrisc__include__asm__barrier.h.patch
candidate	other	0164/arch			False	False	stable_gap	0164__arch__powerpc__include__asm__eeh.h.patch
candidate	other	0164/arch			False	False	stable_gap	0164__arch__powerpc__include__asm__kup.h.patch
candidate	other	0164/arch			False	False	stable_gap	0164__arch__powerpc__include__asm__uaccess.h.patch
candidate	other	0164/arch			False	False	stable_gap	0164__arch__sparc__include__uapi__asm__ioctls.h.patch
candidate	other	0164/drivers			False	False	stable_gap	0164__drivers__crypto__ccp__sp-dev.h.patch
candidate	other	0164/drivers			False	False	stable_gap	0164__drivers__crypto__ccp__tee-dev.h.patch
candidate	other	0164/drivers			False	False	stable_gap	0164__drivers__crypto__hisilicon__sec2__sec.h.patch
candidate	other	0164/drivers			False	False	stable_gap	0164__drivers__infiniband__core__core_priv.h.patch
candidate	other	0164/drivers			False	False	stable_gap	0164__drivers__net__ethernet__microchip__sparx5__sparx5_qos.h.patch
candidate	other	0164/drivers			False	False	stable_gap	0164__drivers__net__usb__sr9700.h.patch
candidate	other	0164/drivers			False	False	stable_gap	0164__drivers__net__wireless__realtek__rtw88__main.h.patch
candidate	other	0164/drivers			False	False	stable_gap	0164__drivers__nvdimm__virtio_pmem.h.patch
candidate	other	0164/drivers			False	False	stable_gap	0164__drivers__pci__pci.h.patch
candidate	other	0164/drivers			False	False	stable_gap	0164__drivers__scsi__smartpqi__smartpqi.h.patch
candidate	other	0164/drivers			False	False	stable_gap	0164__drivers__video__fbdev__core__fbcon.h.patch
candidate	other	0164/include			False	False	stable_gap	0164__include__acpi__ghes.h.patch
candidate	other	0164/include			False	False	stable_gap	0164__include__asm-generic__audit_change_attr.h.patch
candidate	other	0164/include			False	False	stable_gap	0164__include__asm-generic__audit_read.h.patch
candidate	other	0164/include			False	False	stable_gap	0164__include__drm__drm_of.h.patch
candidate	other	0164/include			False	False	stable_gap	0164__include__linux__audit.h.patch
candidate	other	0164/include			False	False	stable_gap	0164__include__linux__audit_arch.h.patch
candidate	other	0164/include			False	False	stable_gap	0164__include__linux__capability.h.patch
candidate	other	0164/include			False	False	stable_gap	0164__include__linux__clk.h.patch
candidate	other	0164/include			False	False	stable_gap	0164__include__linux__cper.h.patch
candidate	other	0164/include			False	False	stable_gap	0164__include__linux__ftrace.h.patch
candidate	other	0164/include			False	False	stable_gap	0164__include__linux__mfd__wm8350__core.h.patch
candidate	other	0164/include			False	False	stable_gap	0164__include__linux__module.h.patch
candidate	other	0164/include			False	False	stable_gap	0164__include__linux__skbuff.h.patch
candidate	other	0164/include			False	False	stable_gap	0164__include__linux__skmsg.h.patch
candidate	other	0164/include			False	False	stable_gap	0164__include__linux__u64_stats_sync.h.patch
candidate	other	0164/include			False	False	stable_gap	0164__include__media__dvb_vb2.h.patch
candidate	other	0164/include			False	False	stable_gap	0164__include__net__bluetooth__l2cap.h.patch
candidate	other	0164/include			False	False	stable_gap	0164__include__net__ioam6.h.patch
candidate	other	0164/include			False	False	stable_gap	0164__include__net__ipv6.h.patch
candidate	other	0164/include			False	False	stable_gap	0164__include__net__netfilter__nf_conntrack_count.h.patch
candidate	other	0164/include			False	False	stable_gap	0164__include__net__netns__ipv4.h.patch
candidate	other	0164/include			False	False	stable_gap	0164__include__rdma__ib_verbs.h.patch
candidate	other	0164/include			False	False	stable_gap	0164__include__rdma__rw.h.patch
candidate	other	0164/include			False	False	stable_gap	0164__include__uapi__linux__hyperv.h.patch
candidate	other	0164/include			False	False	stable_gap	0164__include__uapi__linux__io_uring.h.patch
candidate	other	0164/include			False	False	stable_gap	0164__include__uapi__linux__netfilter_bridge.h.patch
candidate	other	0164/include			False	False	stable_gap	0164__include__uapi__linux__vbox_vmmdev_types.h.patch
candidate	other	0164/include			False	False	stable_gap	0164__include__xen__arm__xen-ops.h.patch
candidate	other	0164/include			False	False	stable_gap	0164__include__xen__xen-ops.h.patch
candidate	other	0164/io_uring			False	False	stable_gap	0164__io_uring__cancel.h.patch
candidate	other	0164/kernel			False	False	stable_gap	0164__kernel__audit.h.patch
candidate	other	0164/net			False	False	stable_gap	0164__net__ceph__crypto.h.patch
candidate	other	0164/net			False	False	stable_gap	0164__net__ipv4__fib_lookup.h.patch
candidate	other	0164/sound			False	False	stable_gap	0164__sound__soc__codecs__nau8821.h.patch
candidate	other	0166/arch			False	False	stable_gap	0166__arch__arm64__include__asm__pgtable-prot.h.patch
candidate	other	0166/arch			False	False	stable_gap	0166__arch__loongarch__include__asm__uaccess.h.patch
candidate	other	0166/arch			False	False	stable_gap	0166__arch__parisc__include__asm__pgtable.h.patch
candidate	other	0166/arch			False	False	stable_gap	0166__arch__powerpc__include__asm__uaccess.h.patch
candidate	other	0166/arch			False	False	stable_gap	0166__arch__x86__include__asm__efi.h.patch
candidate	other	0166/arch			False	False	stable_gap	0166__arch__x86__include__asm__msr-index.h.patch
candidate	other	0166/arch			False	False	stable_gap	0166__arch__x86__kvm__x86.h.patch
candidate	other	0166/drivers			False	False	stable_gap	0166__drivers__block__drbd__drbd_interval.h.patch
candidate	other	0166/drivers			False	False	stable_gap	0166__drivers__gpu__drm__amd__amdgpu__amdgpu.h.patch
candidate	other	0166/drivers			False	False	stable_gap	0166__drivers__gpu__drm__amd__amdgpu__amdgpu_csa.h.patch
candidate	other	0166/drivers			False	False	stable_gap	0166__drivers__gpu__drm__amd__display__dc__dm_services_types.h.patch
candidate	other	0166/drivers			False	False	stable_gap	0166__drivers__gpu__drm__amd__include__dm_pp_interface.h.patch
candidate	other	0166/drivers			False	False	stable_gap	0166__drivers__gpu__drm__amd__pm__inc__amdgpu_dpm_internal.h.patch
candidate	other	0166/drivers			False	False	stable_gap	0166__drivers__gpu__drm__exynos__exynos_drm_drv.h.patch
candidate	other	0166/drivers			False	False	stable_gap	0166__drivers__i3c__master__mipi-i3c-hci__cmd.h.patch
candidate	other	0166/drivers			False	False	stable_gap	0166__drivers__md__dm-verity-fec.h.patch
candidate	other	0166/drivers			False	False	stable_gap	0166__drivers__net__ethernet__amd__xgbe__xgbe.h.patch
candidate	other	0166/drivers			False	False	stable_gap	0166__drivers__net__ethernet__broadcom__bnxt__bnxt.h.patch
candidate	other	0166/drivers			False	False	stable_gap	0166__drivers__net__ethernet__cadence__macb.h.patch
candidate	other	0166/drivers			False	False	stable_gap	0166__drivers__net__ethernet__freescale__dpaa2__dpaa2-eth.h.patch
candidate	other	0166/drivers			False	False	stable_gap	0166__drivers__net__ethernet__freescale__dpaa2__dpaa2-mac.h.patch
candidate	other	0166/drivers			False	False	stable_gap	0166__drivers__net__ethernet__freescale__dpaa2__dpaa2-switch.h.patch
candidate	other	0166/drivers			False	False	stable_gap	0166__drivers__net__ethernet__google__gve__gve.h.patch
candidate	other	0166/drivers			False	False	stable_gap	0166__drivers__net__ethernet__mellanox__mlx5__core__eswitch.h.patch
candidate	other	0166/drivers			False	False	stable_gap	0166__drivers__net__ethernet__stmicro__stmmac__common.h.patch
candidate	other	0166/drivers			False	False	stable_gap	0166__drivers__net__ethernet__stmicro__stmmac__stmmac.h.patch
candidate	other	0166/drivers			False	False	stable_gap	0166__drivers__net__usb__lan78xx.h.patch
candidate	other	0166/drivers			False	False	stable_gap	0166__drivers__pci__pci.h.patch
candidate	other	0166/drivers			False	False	stable_gap	0166__drivers__scsi__lpfc__lpfc_sli4.h.patch
candidate	other	0166/drivers			False	False	stable_gap	0166__drivers__usb__class__cdc-acm.h.patch
candidate	other	0166/fs			False	False	stable_gap	0166__fs__btrfs__ctree.h.patch
candidate	other	0166/fs			False	False	stable_gap	0166__fs__btrfs__extent_io.h.patch
candidate	other	0166/fs			False	False	stable_gap	0166__fs__ext4__ext4.h.patch
candidate	other	0166/fs			False	False	stable_gap	0166__fs__ext4__extents_status.h.patch
candidate	other	0166/fs			False	False	stable_gap	0166__fs__nfsd__state.h.patch
candidate	other	0166/fs			False	False	stable_gap	0166__fs__smb__client__cifsglob.h.patch
candidate	other	0166/fs			False	False	stable_gap	0166__fs__smb__client__cifsproto.h.patch
candidate	other	0166/include			False	False	stable_gap	0166__include__asm-generic__tlb.h.patch
candidate	other	0166/include			False	False	stable_gap	0166__include__linux__bpf.h.patch
candidate	other	0166/include			False	False	stable_gap	0166__include__linux__hugetlb.h.patch
candidate	other	0166/include			False	False	stable_gap	0166__include__linux__indirect_call_wrapper.h.patch
candidate	other	0166/include			False	False	stable_gap	0166__include__linux__ioport.h.patch
candidate	other	0166/include			False	False	stable_gap	0166__include__linux__irqchip__arm-gic-v3.h.patch
candidate	other	0166/include			False	False	stable_gap	0166__include__linux__mlx5__mlx5_ifc.h.patch
candidate	other	0166/include			False	False	stable_gap	0166__include__linux__mm_types.h.patch
candidate	other	0166/include			False	False	stable_gap	0166__include__linux__pci.h.patch
candidate	other	0166/include			False	False	stable_gap	0166__include__linux__security.h.patch
candidate	other	0166/include			False	False	stable_gap	0166__include__linux__skbuff.h.patch
candidate	other	0166/include			False	False	stable_gap	0166__include__linux__stmmac.h.patch
candidate	other	0166/include			False	False	stable_gap	0166__include__linux__uprobes.h.patch
candidate	other	0166/include			False	False	stable_gap	0166__include__linux__usb.h.patch
candidate	other	0166/include			False	False	stable_gap	0166__include__net__act_api.h.patch
candidate	other	0166/include			False	False	stable_gap	0166__include__net__netfilter__nf_tables.h.patch
candidate	other	0166/include			False	False	stable_gap	0166__include__net__sch_generic.h.patch
candidate	other	0166/include			False	False	stable_gap	0166__include__net__tc_act__tc_gate.h.patch
candidate	other	0166/include			False	False	stable_gap	0166__include__net__tc_act__tc_ife.h.patch
candidate	other	0166/include			False	False	stable_gap	0166__include__net__udp_tunnel.h.patch
candidate	other	0166/kernel			False	False	stable_gap	0166__kernel__rcu__tree_nocb.h.patch
candidate	other	0166/net			False	False	stable_gap	0166__net__batman-adv__hard-interface.h.patch
candidate	other	0166/net			False	False	stable_gap	0166__net__mptcp__protocol.h.patch
candidate	other	0166/net			False	False	stable_gap	0166__net__netfilter__nft_set_pipapo.h.patch
candidate	other	0166/net			False	False	stable_gap	0166__net__smc__smc.h.patch
candidate	other	0166/net			False	False	stable_gap	0166__net__wireless__core.h.patch
candidate	other	0167/arch			False	False	stable_gap	0167__arch__s390__include__asm__barrier.h.patch
candidate	other	0167/drivers			False	False	stable_gap	0167__drivers__acpi__acpica__acevents.h.patch
candidate	other	0167/drivers			False	False	stable_gap	0167__drivers__cpufreq__cpufreq_governor.h.patch
candidate	other	0167/drivers			False	False	stable_gap	0167__drivers__hwmon__pmbus__pmbus.h.patch
candidate	other	0167/drivers			False	False	stable_gap	0167__drivers__net__ethernet__mellanox__mlx5__core__mlx5_core.h.patch
candidate	other	0167/drivers			False	False	stable_gap	0167__drivers__net__ethernet__xilinx__xilinx_axienet.h.patch
candidate	other	0167/drivers			False	False	stable_gap	0167__drivers__usb__gadget__function__uvc.h.patch
candidate	other	0167/drivers			False	False	stable_gap	0167__drivers__usb__serial__io_usbvend.h.patch
candidate	other	0167/fs			False	False	stable_gap	0167__fs__xfs__xfs_trace.h.patch
candidate	other	0167/include			False	False	stable_gap	0167__include__acpi__acpixf.h.patch
candidate	other	0167/include			False	False	stable_gap	0167__include__linux__dma-mapping.h.patch
candidate	other	0167/include			False	False	stable_gap	0167__include__linux__netdevice.h.patch
candidate	other	0167/include			False	False	stable_gap	0167__include__linux__netfilter__ipset__ip_set.h.patch
candidate	other	0167/include			False	False	stable_gap	0167__include__linux__rtnetlink.h.patch
candidate	other	0167/include			False	False	stable_gap	0167__include__linux__usb__r8152.h.patch
candidate	other	0167/include			False	False	stable_gap	0167__include__net__inet_hashtables.h.patch
candidate	other	0167/include			False	False	stable_gap	0167__include__net__netfilter__nf_conntrack_expect.h.patch
candidate	other	0167/include			False	False	stable_gap	0167__include__net__netlink.h.patch
candidate	other	0167/include			False	False	stable_gap	0167__include__net__rtnetlink.h.patch
candidate	other	0167/include			False	False	stable_gap	0167__include__uapi__linux__dma-buf.h.patch
candidate	other	0167/include			False	False	stable_gap	0167__include__uapi__linux__netfilter__nf_conntrack_common.h.patch
candidate	other	0167/net			False	False	stable_gap	0167__net__atm__lec.h.patch
candidate	other	0167/net			False	False	stable_gap	0167__net__bluetooth__eir.h.patch
candidate	other	0167/net			False	False	stable_gap	0167__net__can__af_can.h.patch
candidate	other	0167/net			False	False	stable_gap	0167__net__core__dev.h.patch
landed	other	0167/net			False	False	stable_gap	0167__net__netfilter__ipset__ip_set_hash_gen.h.patch
candidate	other	0168/arch			False	False	stable_gap	0168__arch__mips__include__asm__cpu-features.h.patch
candidate	other	0168/arch			False	False	stable_gap	0168__arch__mips__include__asm__cpu-info.h.patch
candidate	other	0168/arch			False	False	stable_gap	0168__arch__mips__include__asm__mipsregs.h.patch
candidate	other	0168/arch			False	False	stable_gap	0168__arch__x86__include__asm__msr-index.h.patch
candidate	other	0168/drivers			False	False	stable_gap	0168__drivers__acpi__internal.h.patch
candidate	other	0168/drivers			False	False	stable_gap	0168__drivers__media__usb__uvc__uvcvideo.h.patch
candidate	other	0168/include			False	False	stable_gap	0168__include__net__netfilter__nf_conntrack_timeout.h.patch
candidate	other	0168/net			False	False	stable_gap	0168__net__mptcp__protocol.h.patch
candidate	other	0168/security			False	False	stable_gap	0168__security__apparmor__include__label.h.patch
candidate	other	0168/security			False	False	stable_gap	0168__security__apparmor__include__lib.h.patch
candidate	other	0168/security			False	False	stable_gap	0168__security__apparmor__include__match.h.patch
candidate	other	0168/security			False	False	stable_gap	0168__security__apparmor__include__policy.h.patch
candidate	other	0168/security			False	False	stable_gap	0168__security__apparmor__include__policy_ns.h.patch
candidate	other	0168/security			False	False	stable_gap	0168__security__apparmor__include__policy_unpack.h.patch
candidate	other	0169/include			False	False	stable_gap	0169__include__crypto__if_alg.h.patch
candidate	other	0172/arch			False	False	stable_gap	0172__arch__x86__include__asm__cpufeatures.h.patch
candidate	other	0172/arch			False	False	stable_gap	0172__arch__x86__include__asm__msr-index.h.patch
candidate	other	0172/include			False	False	stable_gap	0172__include__linux__sched.h.patch
candidate	other	0172/tools			False	False	stable_gap	0172__tools__arch__x86__include__asm__cpufeatures.h.patch
candidate	other	0172/tools			False	False	stable_gap	0172__tools__arch__x86__include__asm__msr-index.h.patch
candidate	other	0174/arch			False	False	stable_gap	0174__arch__arm64__include__asm__xor.h.patch
candidate	other	0174/arch			False	False	stable_gap	0174__arch__x86__include__uapi__asm__kvm.h.patch
candidate	other	0174/arch			False	False	stable_gap	0174__arch__x86__kvm__mmu__spte.h.patch
candidate	other	0174/arch			False	False	stable_gap	0174__arch__x86__kvm__svm__svm.h.patch
candidate	other	0174/arch			False	False	stable_gap	0174__arch__x86__kvm__trace.h.patch
candidate	other	0174/drivers			False	False	stable_gap	0174__drivers__gpu__drm__amd__amdgpu__amdgpu_ring.h.patch
candidate	other	0174/drivers			False	False	stable_gap	0174__drivers__gpu__drm__amd__amdkfd__kfd_priv.h.patch
candidate	other	0174/drivers			False	False	stable_gap	0174__drivers__gpu__drm__amd__display__amdgpu_dm__amdgpu_dm.h.patch
candidate	other	0174/drivers			False	False	stable_gap	0174__drivers__gpu__drm__amd__display__include__grph_object_ctrl_defs.h.patch
candidate	other	0174/drivers			False	False	stable_gap	0174__drivers__gpu__drm__amd__pm__powerplay__hwmgr__smu7_hwmgr.h.patch
candidate	other	0174/drivers			False	False	stable_gap	0174__drivers__gpu__drm__amd__pm__powerplay__inc__hwmgr.h.patch
candidate	other	0174/drivers			False	False	stable_gap	0174__drivers__gpu__drm__i915__display__skl_watermark.h.patch
candidate	other	0174/drivers			False	False	stable_gap	0174__drivers__gpu__drm__msm__dsi__dsi_cfg.h.patch
candidate	other	0174/drivers			False	False	stable_gap	0174__drivers__gpu__drm__virtio__virtgpu_drv.h.patch
candidate	other	0174/drivers			False	False	stable_gap	0174__drivers__hid__hid-ids.h.patch
candidate	other	0174/drivers			False	False	stable_gap	0174__drivers__md__dm-cache-metadata.h.patch
candidate	other	0174/drivers			False	False	stable_gap	0174__drivers__media__test-drivers__vidtv__vidtv_ts.h.patch
candidate	other	0174/drivers			False	False	stable_gap	0174__drivers__mmc__core__queue.h.patch
candidate	other	0174/drivers			False	False	stable_gap	0174__drivers__mtd__spi-nor__core.h.patch
candidate	other	0174/drivers			False	False	stable_gap	0174__drivers__net__dsa__mt7530.h.patch
candidate	other	0174/drivers			False	False	stable_gap	0174__drivers__net__ethernet__broadcom__genet__bcmgenet.h.patch
candidate	other	0174/drivers			False	False	stable_gap	0174__drivers__net__ethernet__ibm__ibmveth.h.patch
candidate	other	0174/drivers			False	False	stable_gap	0174__drivers__net__ethernet__intel__i40e__i40e.h.patch
candidate	other	0174/drivers			False	False	stable_gap	0174__drivers__net__ethernet__intel__iavf__iavf.h.patch
candidate	other	0174/drivers			False	False	stable_gap	0174__drivers__net__ethernet__micrel__ks8851.h.patch
candidate	other	0174/drivers			False	False	stable_gap	0174__drivers__net__wireless__ath__ath11k__ce.h.patch
candidate	other	0174/drivers			False	False	stable_gap	0174__drivers__net__wireless__ath__ath11k__core.h.patch
candidate	other	0174/drivers			False	False	stable_gap	0174__drivers__net__wireless__ath__ath11k__hal.h.patch
candidate	other	0174/drivers			False	False	stable_gap	0174__drivers__net__wireless__ath__ath11k__hal_rx.h.patch
candidate	other	0174/drivers			False	False	stable_gap	0174__drivers__net__wireless__ath__ath11k__hw.h.patch
candidate	other	0174/drivers			False	False	stable_gap	0174__drivers__net__wireless__rsi__rsi_common.h.patch
candidate	other	0174/drivers			False	False	stable_gap	0174__drivers__scsi__sr.h.patch
candidate	other	0174/drivers			False	False	stable_gap	0174__drivers__usb__storage__unusual_devs.h.patch
conflict	other	0174/fs			False	False	stable_gap	0174__fs__f2fs__f2fs.h.patch
candidate	other	0174/fs			False	False	stable_gap	0174__fs__ocfs2__ocfs2_trace.h.patch
candidate	other	0174/fs			False	False	stable_gap	0174__fs__smb__client__smb2pdu.h.patch
candidate	other	0174/include			False	False	stable_gap	0174__include__dt-bindings__clock__qcom,dispcc-sc7180.h.patch
candidate	other	0174/include			False	False	stable_gap	0174__include__dt-bindings__clock__qcom,gcc-sc8180x.h.patch
candidate	other	0174/include			False	False	stable_gap	0174__include__linux__cdrom.h.patch
candidate	other	0174/include			False	False	stable_gap	0174__include__linux__container_of.h.patch
candidate	other	0174/include			False	False	stable_gap	0174__include__linux__cpuhotplug.h.patch
candidate	other	0174/include			False	False	stable_gap	0174__include__linux__dev_printk.h.patch
candidate	other	0174/include			False	False	stable_gap	0174__include__linux__dmi.h.patch
candidate	other	0174/include			False	False	stable_gap	0174__include__linux__fsnotify_backend.h.patch
candidate	other	0174/include			False	False	stable_gap	0174__include__linux__kvm_host.h.patch
candidate	other	0174/include			False	False	stable_gap	0174__include__linux__module.h.patch
candidate	other	0174/include			False	False	stable_gap	0174__include__linux__moduleparam.h.patch
candidate	other	0174/include			False	False	stable_gap	0174__include__linux__padata.h.patch
candidate	other	0174/include			False	False	stable_gap	0174__include__linux__ppp_defs.h.patch
candidate	other	0174/include			False	False	stable_gap	0174__include__linux__printk.h.patch
landed	other	0174/include			False	False	stable_gap	0174__include__linux__quotaops.h.patch
candidate	other	0174/include			False	False	stable_gap	0174__include__linux__randomize_kstack.h.patch
candidate	other	0174/include			False	False	stable_gap	0174__include__linux__sched.h.patch
candidate	other	0174/include			False	False	stable_gap	0174__include__linux__soc__qcom__apr.h.patch
candidate	other	0174/include			False	False	stable_gap	0174__include__linux__spinlock_up.h.patch
landed	other	0174/include			False	False	stable_gap	0174__include__linux__string.h.patch
candidate	other	0174/include			False	False	stable_gap	0174__include__linux__tcp.h.patch
candidate	other	0174/include			False	False	stable_gap	0174__include__linux__tpm_eventlog.h.patch
candidate	other	0174/include			False	False	stable_gap	0174__include__linux__usb.h.patch
candidate	other	0174/include			False	False	stable_gap	0174__include__net__bluetooth__hci_sync.h.patch
candidate	other	0174/include			False	False	stable_gap	0174__include__net__bond_3ad.h.patch
candidate	other	0174/include			False	False	stable_gap	0174__include__net__ipv6.h.patch
candidate	other	0174/include			False	False	stable_gap	0174__include__net__mac80211.h.patch
candidate	other	0174/include			False	False	stable_gap	0174__include__net__netfilter__nf_queue.h.patch
candidate	other	0174/include			False	False	stable_gap	0174__include__net__netfilter__nf_tables.h.patch
candidate	other	0174/include			False	False	stable_gap	0174__include__net__pie.h.patch
candidate	other	0174/include			False	False	stable_gap	0174__include__net__pkt_cls.h.patch
candidate	other	0174/include			False	False	stable_gap	0174__include__net__route.h.patch
candidate	other	0174/include			False	False	stable_gap	0174__include__net__tcp.h.patch
candidate	other	0174/include			False	False	stable_gap	0174__include__net__udp_tunnel.h.patch
candidate	other	0174/include			False	False	stable_gap	0174__include__trace__events__btrfs.h.patch
candidate	other	0174/include			False	False	stable_gap	0174__include__trace__events__rxrpc.h.patch
candidate	other	0174/include			False	False	stable_gap	0174__include__trace__events__timer.h.patch
candidate	other	0174/include			False	False	stable_gap	0174__include__uapi__linux__bpf.h.patch
candidate	other	0174/include			False	False	stable_gap	0174__include__uapi__linux__if_link.h.patch
candidate	other	0174/include			False	False	stable_gap	0174__include__uapi__linux__kvm.h.patch
landed	other	0174/include			False	False	stable_gap	0174__include__ufs__ufshcd.h.patch
candidate	other	0174/include			False	False	stable_gap	0174__include__video__udlfb.h.patch
candidate	other	0174/net			False	False	stable_gap	0174__net__batman-adv__types.h.patch
candidate	other	0174/net			False	False	stable_gap	0174__net__bluetooth__hci_request.h.patch
candidate	other	0174/net			False	False	stable_gap	0174__net__rds__ib.h.patch
candidate	other	0174/net			False	False	stable_gap	0174__net__smc__smc_tracepoint.h.patch
candidate	other	0174/net			False	False	stable_gap	0174__net__tls__tls.h.patch
candidate	other	0174/sound			False	False	stable_gap	0174__sound__pci__ctxfi__ctvmem.h.patch
candidate	other	0174/sound			False	False	stable_gap	0174__sound__soc__sof__amd__acp.h.patch
candidate	other	0174/sound			False	False	stable_gap	0174__sound__soc__sof__intel__hda.h.patch
candidate	other	0174/sound			False	False	stable_gap	0174__sound__soc__sof__ops.h.patch
candidate	other	0174/sound			False	False	stable_gap	0174__sound__soc__sof__sof-priv.h.patch
landed	other	0174/sound			False	False	stable_gap	0174__sound__usb__stream.h.patch
candidate	other	0174/tools			False	False	stable_gap	0174__tools__include__uapi__linux__bpf.h.patch
candidate	other	0174/tools			False	False	stable_gap	0174__tools__perf__util__branch.h.patch
candidate	other	0174/tools			False	False	stable_gap	0174__tools__perf__util__util.h.patch
candidate	other	0175/arch			False	False	stable_gap	0175__arch__arm64__include__asm__cputype.h.patch
candidate	other	0175/arch			False	False	stable_gap	0175__arch__arm64__include__asm__kvm_mmu.h.patch
candidate	other	0175/arch			False	False	stable_gap	0175__arch__arm64__include__asm__tlb.h.patch
candidate	other	0175/arch			False	False	stable_gap	0175__arch__arm64__include__asm__tlbflush.h.patch
candidate	other	0175/arch			False	False	stable_gap	0175__arch__arm__include__asm__io.h.patch
candidate	other	0175/drivers			False	False	stable_gap	0175__drivers__gpu__drm__i915__display__intel_display_types.h.patch
candidate	other	0175/drivers			False	False	stable_gap	0175__drivers__hid__hid-ids.h.patch
candidate	other	0175/drivers			False	False	stable_gap	0175__drivers__hid__wacom_wac.h.patch
candidate	other	0175/drivers			False	False	stable_gap	0175__drivers__iio__dac__ad5686.h.patch
candidate	other	0175/drivers			False	False	stable_gap	0175__drivers__infiniband__hw__irdma__main.h.patch
candidate	other	0175/drivers			False	False	stable_gap	0175__drivers__infiniband__hw__vmw_pvrdma__pvrdma.h.patch
candidate	other	0175/drivers			False	False	stable_gap	0175__drivers__net__ethernet__marvell__octeontx2__af__rvu.h.patch
candidate	other	0175/drivers			False	False	stable_gap	0175__drivers__net__ethernet__microchip__lan743x_main.h.patch
candidate	other	0175/drivers			False	False	stable_gap	0175__drivers__net__ethernet__stmicro__stmmac__common.h.patch
candidate	other	0175/drivers			False	False	stable_gap	0175__drivers__net__phy__mscc__mscc.h.patch
candidate	other	0175/drivers			False	False	stable_gap	0175__drivers__net__wwan__t7xx__t7xx_port_proxy.h.patch
candidate	other	0175/drivers			False	False	stable_gap	0175__drivers__phy__tegra__xusb.h.patch
candidate	other	0175/drivers			False	False	stable_gap	0175__drivers__platform__x86__intel__vsec.h.patch
candidate	other	0175/drivers			False	False	stable_gap	0175__drivers__target__iscsi__iscsi_target_parameters.h.patch
candidate	other	0175/drivers			False	False	stable_gap	0175__drivers__tty__serial__zs.h.patch
candidate	other	0175/drivers			False	False	stable_gap	0175__drivers__usb__gadget__function__u_ether.h.patch
candidate	other	0175/drivers			False	False	stable_gap	0175__drivers__usb__gadget__function__u_ncm.h.patch
candidate	other	0175/drivers			False	False	stable_gap	0175__drivers__usb__storage__unusual_uas.h.patch
candidate	other	0175/fs			False	False	stable_gap	0175__fs__btrfs__sysfs.h.patch
candidate	other	0175/fs			False	False	stable_gap	0175__fs__hfsplus__hfsplus_fs.h.patch
candidate	other	0175/include			False	False	stable_gap	0175__include__drm__display__drm_dp.h.patch
candidate	other	0175/include			False	False	stable_gap	0175__include__drm__drm_fourcc.h.patch
candidate	other	0175/include			False	False	stable_gap	0175__include__linux__compat.h.patch
candidate	other	0175/include			False	False	stable_gap	0175__include__linux__compiler-clang.h.patch
candidate	other	0175/include			False	False	stable_gap	0175__include__linux__compiler_attributes.h.patch
candidate	other	0175/include			False	False	stable_gap	0175__include__linux__compiler_types.h.patch
candidate	other	0175/include			False	False	stable_gap	0175__include__linux__damon.h.patch
candidate	other	0175/include			False	False	stable_gap	0175__include__linux__fb.h.patch
candidate	other	0175/include			False	False	stable_gap	0175__include__linux__hid.h.patch
candidate	other	0175/include			False	False	stable_gap	0175__include__linux__mm.h.patch
candidate	other	0175/include			False	False	stable_gap	0175__include__linux__parport.h.patch
candidate	other	0175/include			False	False	stable_gap	0175__include__linux__syscalls.h.patch
candidate	other	0175/include			False	False	stable_gap	0175__include__net__act_api.h.patch
landed	other	0175/include			False	False	stable_gap	0175__include__net__bluetooth__bluetooth.h.patch
landed	other	0175/include			False	False	stable_gap	0175__include__net__bluetooth__l2cap.h.patch
candidate	other	0175/include			False	False	stable_gap	0175__include__net__ip_vs.h.patch
landed	other	0175/include			False	False	stable_gap	0175__include__net__mctp.h.patch
candidate	other	0175/include			False	False	stable_gap	0175__include__net__netfilter__nf_conntrack_core.h.patch
candidate	other	0175/include			False	False	stable_gap	0175__include__net__netfilter__nf_conntrack_helper.h.patch
landed	other	0175/include			False	False	stable_gap	0175__include__net__sock.h.patch
candidate	other	0175/include			False	False	stable_gap	0175__include__net__xfrm.h.patch
candidate	other	0175/include			False	False	stable_gap	0175__include__rdma__ib_umem.h.patch
candidate	other	0175/include			False	False	stable_gap	0175__include__rdma__ib_verbs.h.patch
landed	other	0175/kernel			False	False	stable_gap	0175__kernel__sched__rt.c.patch
landed	other	0175/kernel			False	False	stable_gap	0175__kernel__sched__sched.h.patch
candidate	other	0175/kernel			False	False	stable_gap	0175__kernel__trace__trace_probe.h.patch
candidate	other	0175/net			False	False	stable_gap	0175__net__batman-adv__tp_meter.h.patch
candidate	other	0175/net			False	False	stable_gap	0175__net__batman-adv__tvlv.h.patch
candidate	other	0175/net			False	False	stable_gap	0175__net__batman-adv__types.h.patch
conflict	other	0175/net			False	False	stable_gap	0175__net__packet__internal.h.patch
candidate	other	0175/tools			False	False	stable_gap	0175__tools__testing__selftests__bpf__progs__bpf_misc.h.patch
candidate	other	0175/tools			False	False	stable_gap	0175__tools__testing__selftests__bpf__test_progs.h.patch
candidate	other	0175/tools			False	False	stable_gap	0175__tools__testing__selftests__bpf__trace_helpers.h.patch
candidate	other	0176/arch			False	False	stable_gap	0176__arch__x86__include__asm__kvm-x86-ops.h.patch
candidate	other	0176/arch			False	False	stable_gap	0176__arch__x86__kvm__vmx__posted_intr.h.patch
candidate	other	0176/arch			False	False	stable_gap	0176__arch__x86__kvm__vmx__vmx_ops.h.patch
candidate	other	0176/drivers			False	False	stable_gap	0176__drivers__crypto__qat__qat_common__adf_cfg_common.h.patch
candidate	other	0176/drivers			False	False	stable_gap	0176__drivers__crypto__qat__qat_common__adf_cfg_user.h.patch
candidate	other	0176/drivers			False	False	stable_gap	0176__drivers__crypto__qat__qat_common__adf_common_drv.h.patch
candidate	other	0176/drivers			False	False	stable_gap	0176__drivers__gpu__drm__amd__display__dc__bios__bios_parser_helper.h.patch
candidate	other	0176/drivers			False	False	stable_gap	0176__drivers__gpu__drm__v3d__v3d_drv.h.patch
candidate	other	0176/drivers			False	False	stable_gap	0176__drivers__net__ethernet__qualcomm__rmnet__rmnet_config.h.patch
candidate	other	0176/drivers			False	False	stable_gap	0176__drivers__net__wireless__realtek__rtlwifi__rtl8821ae__trx.h.patch
landed	other	0176/include			False	False	stable_gap	0176__include__keys__request_key_auth-type.h.patch
candidate	other	0176/include			False	False	stable_gap	0176__include__linux__kvm_host.h.patch
candidate	other	0176/include			False	False	stable_gap	0176__include__linux__lockdep.h.patch
candidate	other	0176/include			False	False	stable_gap	0176__include__linux__lockdep_types.h.patch
candidate	other	0176/include			False	False	stable_gap	0176__include__linux__ring_buffer.h.patch
candidate	other	0176/include			False	False	stable_gap	0176__include__linux__skmsg.h.patch
candidate	other	0176/include			False	False	stable_gap	0176__include__net__phonet__pn_dev.h.patch
landed	other	0176/include			False	False	stable_gap	0176__include__net__tc_act__tc_pedit.h.patch
candidate	other	0176/net			False	False	stable_gap	0176__net__batman-adv__fragmentation.h.patch
candidate	other	0176/net			False	False	stable_gap	0176__net__batman-adv__types.h.patch
landed	other	0176/security			False	False	stable_gap	0176__security__keys__internal.h.patch
candidate	other	0176/tools			False	False	stable_gap	0176__tools__testing__selftests__bpf__bench.h.patch
candidate	other	0176/tools			False	False	stable_gap	0176__tools__testing__selftests__bpf__test_progs.h.patch
candidate	other	0176/tools			False	False	stable_gap	0176__tools__testing__selftests__bpf__testing_helpers.h.patch
candidate	other	0177/arch			False	False	stable_gap	0177__arch__loongarch__include__asm__pgtable.h.patch
candidate	other	0177/arch			False	False	stable_gap	0177__arch__mips__include__asm__dec__prom.h.patch
candidate	other	0177/drivers			False	False	stable_gap	0177__drivers__crypto__allwinner__sun4i-ss__sun4i-ss.h.patch
candidate	other	0177/drivers			False	False	stable_gap	0177__drivers__crypto__amcc__crypto4xx_core.h.patch
candidate	other	0177/drivers			False	False	stable_gap	0177__drivers__crypto__amcc__crypto4xx_reg_def.h.patch
candidate	other	0177/drivers			False	False	stable_gap	0177__drivers__crypto__qat__qat_common__adf_accel_devices.h.patch
candidate	other	0177/drivers			False	False	stable_gap	0177__drivers__crypto__qat__qat_common__adf_common_drv.h.patch
candidate	other	0177/drivers			False	False	stable_gap	0177__drivers__crypto__talitos.h.patch
candidate	other	0177/drivers			False	False	stable_gap	0177__drivers__dma__dw-edma__dw-edma-core.h.patch
candidate	other	0177/drivers			False	False	stable_gap	0177__drivers__gpu__drm__msm__dp__dp_reg.h.patch
candidate	other	0177/drivers			False	False	stable_gap	0177__drivers__hwmon__occ__common.h.patch
candidate	other	0177/drivers			False	False	stable_gap	0177__drivers__iio__imu__inv_icm42600__inv_icm42600_buffer.h.patch
candidate	other	0177/drivers			False	False	stable_gap	0177__drivers__iio__imu__inv_icm42600__inv_icm42600_timestamp.h.patch
candidate	other	0177/drivers			False	False	stable_gap	0177__drivers__iio__imu__inv_mpu6050__inv_mpu_iio.h.patch
candidate	other	0177/drivers			False	False	stable_gap	0177__drivers__infiniband__hw__irdma__verbs.h.patch
candidate	other	0177/drivers			False	False	stable_gap	0177__drivers__infiniband__hw__mlx4__mlx4_ib.h.patch
candidate	other	0177/drivers			False	False	stable_gap	0177__drivers__iommu__amd__amd_iommu_types.h.patch
candidate	other	0177/drivers			False	False	stable_gap	0177__drivers__media__platform__rockchip__rga__rga-hw.h.patch
candidate	other	0177/drivers			False	False	stable_gap	0177__drivers__net__ethernet__mellanox__mlx5__core__lib__hv_vhca.h.patch
candidate	other	0177/drivers			False	False	stable_gap	0177__drivers__net__ethernet__qualcomm__rmnet__rmnet_map.h.patch
candidate	other	0177/drivers			False	False	stable_gap	0177__drivers__net__ethernet__qualcomm__rmnet__rmnet_vnd.h.patch
candidate	other	0177/drivers			False	False	stable_gap	0177__drivers__nvdimm__nd.h.patch
candidate	other	0177/drivers			False	False	stable_gap	0177__drivers__pci__controller__pcie-iproc.h.patch
candidate	other	0177/drivers			False	False	stable_gap	0177__drivers__spi__spi-dw.h.patch
candidate	other	0177/drivers			False	False	stable_gap	0177__drivers__usb__typec__ucsi__ucsi.h.patch
candidate	other	0177/drivers			False	False	stable_gap	0177__drivers__usb__usbip__vudc.h.patch
candidate	other	0177/drivers			False	False	stable_gap	0177__drivers__vfio__pci__mlx5__cmd.h.patch
candidate	other	0177/drivers			False	False	stable_gap	0177__drivers__video__fbdev__sm712.h.patch
candidate	other	0177/fs			False	False	stable_gap	0177__fs__btrfs__ctree.h.patch
candidate	other	0177/fs			False	False	stable_gap	0177__fs__btrfs__ordered-data.h.patch
candidate	other	0177/fs			False	False	stable_gap	0177__fs__f2fs__f2fs.h.patch
candidate	other	0177/fs			False	False	stable_gap	0177__fs__hfs__btree.h.patch
candidate	other	0177/fs			False	False	stable_gap	0177__fs__hfs__hfs_fs.h.patch
candidate	other	0177/fs			False	False	stable_gap	0177__fs__nfs__flexfilelayout__flexfilelayout.h.patch
candidate	other	0177/fs			False	False	stable_gap	0177__fs__ntfs3__ntfs_fs.h.patch
candidate	other	0177/fs			False	False	stable_gap	0177__fs__ocfs2__journal.h.patch
candidate	other	0177/fs			False	False	stable_gap	0177__fs__ocfs2__ocfs2.h.patch
candidate	other	0177/fs			False	False	stable_gap	0177__fs__proc__internal.h.patch
candidate	other	0177/fs			False	False	stable_gap	0177__fs__smb__client__cifsglob.h.patch
candidate	other	0177/fs			False	False	stable_gap	0177__fs__smb__client__cifsproto.h.patch
candidate	other	0177/fs			False	False	stable_gap	0177__fs__smb__client__trace.h.patch
candidate	other	0177/fs			False	False	stable_gap	0177__fs__smb__server__connection.h.patch
candidate	other	0177/fs			False	False	stable_gap	0177__fs__smb__server__smb_common.h.patch
candidate	other	0177/fs			False	False	stable_gap	0177__fs__smb__server__vfs_cache.h.patch
candidate	other	0177/include			False	False	stable_gap	0177__include__crypto__drbg.h.patch
candidate	other	0177/include			False	False	stable_gap	0177__include__dt-bindings__power__fsl,imx93-power.h.patch
candidate	other	0177/include			False	False	stable_gap	0177__include__linux__audit.h.patch
candidate	other	0177/include			False	False	stable_gap	0177__include__linux__backing-dev-defs.h.patch
candidate	other	0177/include			False	False	stable_gap	0177__include__linux__bitops.h.patch
candidate	other	0177/include			False	False	stable_gap	0177__include__linux__bpf.h.patch
candidate	other	0177/include			False	False	stable_gap	0177__include__linux__bpf_local_storage.h.patch
candidate	other	0177/include			False	False	stable_gap	0177__include__linux__damon.h.patch
candidate	other	0177/include			False	False	stable_gap	0177__include__linux__device.h.patch
candidate	other	0177/include			False	False	stable_gap	0177__include__linux__efi.h.patch
candidate	other	0177/include			False	False	stable_gap	0177__include__linux__glob.h.patch
candidate	other	0177/include			False	False	stable_gap	0177__include__linux__hid-sensor-hub.h.patch
candidate	other	0177/include			False	False	stable_gap	0177__include__linux__host1x.h.patch
candidate	other	0177/include			False	False	stable_gap	0177__include__linux__jiffies.h.patch
candidate	other	0177/include			False	False	stable_gap	0177__include__linux__pci.h.patch
candidate	other	0177/include			False	False	stable_gap	0177__include__linux__seqlock.h.patch
candidate	other	0177/include			False	False	stable_gap	0177__include__linux__sunrpc__xprt.h.patch
candidate	other	0177/include			False	False	stable_gap	0177__include__linux__vfio_pci_core.h.patch
candidate	other	0177/include			False	False	stable_gap	0177__include__linux__virtio.h.patch
candidate	other	0177/include			False	False	stable_gap	0177__include__linux__vmalloc.h.patch
candidate	other	0177/include			False	False	stable_gap	0177__include__linux__writeback.h.patch
candidate	other	0177/include			False	False	stable_gap	0177__include__net__addrconf.h.patch
conflict	other	0177/include			False	False	stable_gap	0177__include__net__bluetooth__hci.h.patch
candidate	other	0177/include			False	False	stable_gap	0177__include__net__fib_rules.h.patch
candidate	other	0177/include			False	False	stable_gap	0177__include__net__gue.h.patch
candidate	other	0177/include			False	False	stable_gap	0177__include__net__ip_fib.h.patch
candidate	other	0177/include			False	False	stable_gap	0177__include__net__ip_vs.h.patch
candidate	other	0177/include			False	False	stable_gap	0177__include__net__netfilter__nf_queue.h.patch
candidate	other	0177/include			False	False	stable_gap	0177__include__net__rtnetlink.h.patch
candidate	other	0177/include			False	False	stable_gap	0177__include__net__sctp__sctp.h.patch
candidate	other	0177/include			False	False	stable_gap	0177__include__net__sock.h.patch
candidate	other	0177/include			False	False	stable_gap	0177__include__net__xfrm.h.patch
candidate	other	0177/include			False	False	stable_gap	0177__include__sound__asequencer.h.patch
candidate	other	0177/include			False	False	stable_gap	0177__include__sound__seq_kernel.h.patch
candidate	other	0177/include			False	False	stable_gap	0177__include__uapi__linux__bpf.h.patch
candidate	other	0177/include			False	False	stable_gap	0177__include__uapi__linux__xfrm.h.patch
candidate	other	0177/include			False	False	stable_gap	0177__include__uapi__sound__asequencer.h.patch
candidate	other	0177/kernel			False	False	stable_gap	0177__kernel__sched__features.h.patch
candidate	other	0177/kernel			False	False	stable_gap	0177__kernel__trace__trace_probe.h.patch
candidate	other	0177/net			False	False	stable_gap	0177__net__batman-adv__soft-interface.h.patch
landed	other	0177/net			False	False	stable_gap	0177__net__bluetooth__a2mp.h.patch
landed	other	0177/net			False	False	stable_gap	0177__net__bluetooth__amp.h.patch
candidate	other	0177/net			False	False	stable_gap	0177__net__ieee802154__ieee802154.h.patch
candidate	other	0177/net			False	False	stable_gap	0177__net__sunrpc__xprtrdma__xprt_rdma.h.patch
candidate	other	0177/net			False	False	stable_gap	0177__net__tipc__bcast.h.patch
candidate	other	0177/sound			False	False	stable_gap	0177__sound__core__seq__seq_clientmgr.h.patch
candidate	other	0177/sound			False	False	stable_gap	0177__sound__core__seq__seq_memory.h.patch
candidate	other	0177/tools			False	False	stable_gap	0177__tools__include__linux__bitops.h.patch
candidate	other	0177/tools			False	False	stable_gap	0177__tools__include__uapi__linux__bpf.h.patch
candidate	other	0177/tools			False	False	stable_gap	0177__tools__virtio__linux__dma-mapping.h.patch
candidate	other	0182/arch			False	False	stable_gap	0182__arch__riscv__include__asm__kvm_host.h.patch
candidate	other	0182/arch			False	False	stable_gap	0182__arch__x86__kvm__mmu__mmu_internal.h.patch
candidate	other	0182/arch			False	False	stable_gap	0182__arch__x86__kvm__mmu__paging_tmpl.h.patch
candidate	other	0182/drivers			False	False	stable_gap	0182__drivers__ata__ahci.h.patch
candidate	other	0182/drivers			False	False	stable_gap	0182__drivers__hwmon__nct6775.h.patch
candidate	other	0182/drivers			False	False	stable_gap	0182__drivers__media__test-drivers__vivid__vivid-vid-cap.h.patch
candidate	other	0182/drivers			False	False	stable_gap	0182__drivers__media__usb__uvc__uvcvideo.h.patch
candidate	other	0182/drivers			False	False	stable_gap	0182__drivers__net__ethernet__aquantia__atlantic__aq_ring.h.patch
candidate	other	0182/drivers			False	False	stable_gap	0182__drivers__net__ethernet__broadcom__bnxt__bnxt.h.patch
candidate	other	0182/drivers			False	False	stable_gap	0182__drivers__net__ethernet__google__gve__gve.h.patch
candidate	other	0182/drivers			False	False	stable_gap	0182__drivers__net__ethernet__huawei__hinic__hinic_dev.h.patch
candidate	other	0182/drivers			False	False	stable_gap	0182__drivers__s390__net__qeth_core.h.patch
candidate	other	0182/drivers			False	False	stable_gap	0182__drivers__scsi__isci__host.h.patch
candidate	other	0182/drivers			False	False	stable_gap	0182__drivers__usb__host__xhci.h.patch
candidate	other	0182/drivers			False	False	stable_gap	0182__drivers__usb__serial__ftdi_sio_ids.h.patch
candidate	other	0182/drivers			False	False	stable_gap	0182__drivers__usb__storage__unusual_devs.h.patch
candidate	other	0182/fs			False	False	stable_gap	0182__fs__crypto__fscrypt_private.h.patch
candidate	other	0182/include			False	False	stable_gap	0182__include__linux__dma__qcom_bam_dma.h.patch
candidate	other	0182/include			False	False	stable_gap	0182__include__linux__filter.h.patch
candidate	other	0182/include			False	False	stable_gap	0182__include__linux__netdevice.h.patch
candidate	other	0182/include			False	False	stable_gap	0182__include__linux__netfilter__ipset__ip_set.h.patch
candidate	other	0182/include			False	False	stable_gap	0182__include__linux__netfilter__nf_conntrack_sip.h.patch
candidate	other	0182/include			False	False	stable_gap	0182__include__linux__ppp_channel.h.patch
candidate	other	0182/include			False	False	stable_gap	0182__include__linux__regulator__consumer.h.patch
candidate	other	0182/include			False	False	stable_gap	0182__include__media__videobuf2-core.h.patch
candidate	other	0182/include			False	False	stable_gap	0182__include__net__act_api.h.patch
candidate	other	0182/include			False	False	stable_gap	0182__include__net__addrconf.h.patch
candidate	other	0182/include			False	False	stable_gap	0182__include__net__af_unix.h.patch
landed	other	0182/include			False	False	stable_gap	0182__include__net__bluetooth__hci_core.h.patch
landed	other	0182/include			False	False	stable_gap	0182__include__net__bluetooth__l2cap.h.patch
candidate	other	0182/include			False	False	stable_gap	0182__include__net__bluetooth__rfcomm.h.patch
candidate	other	0182/include			False	False	stable_gap	0182__include__net__ip6_fib.h.patch
candidate	other	0182/include			False	False	stable_gap	0182__include__net__ip6_route.h.patch
candidate	other	0182/include			False	False	stable_gap	0182__include__net__ip_vs.h.patch
candidate	other	0182/include			False	False	stable_gap	0182__include__net__neighbour.h.patch
candidate	other	0182/include			False	False	stable_gap	0182__include__net__route.h.patch
candidate	other	0182/include			False	False	stable_gap	0182__include__net__sch_generic.h.patch
candidate	other	0182/include			False	False	stable_gap	0182__include__net__sctp__structs.h.patch
candidate	other	0182/include			False	False	stable_gap	0182__include__scsi__libsas.h.patch
candidate	other	0182/include			False	False	stable_gap	0182__include__uapi__linux__btrfs.h.patch
candidate	other	0182/net			False	False	stable_gap	0182__net__bridge__br_private.h.patch
candidate	other	0182/net			False	False	stable_gap	0182__net__can__j1939__j1939-priv.h.patch
candidate	other	0182/net			False	False	stable_gap	0182__net__netfilter__ipset__ip_set_bitmap_gen.h.patch
candidate	other	0182/net			False	False	stable_gap	0182__net__netfilter__ipset__ip_set_hash_gen.h.patch
candidate	other	0182/net			False	False	stable_gap	0182__net__openvswitch__datapath.h.patch
candidate	other	0183/arch			False	False	stable_gap	0183__arch__openrisc__include__asm__processor.h.patch
candidate	other	0183/arch			False	False	stable_gap	0183__arch__riscv__include__asm__pgtable-32.h.patch
candidate	other	0183/arch			False	False	stable_gap	0183__arch__riscv__include__asm__pgtable.h.patch
candidate	other	0183/arch			False	False	stable_gap	0183__arch__s390__include__asm__cpu_mcf.h.patch
candidate	other	0183/arch			False	False	stable_gap	0183__arch__s390__kvm__pci.h.patch
candidate	other	0183/arch			False	False	stable_gap	0183__arch__x86__kvm__svm__svm.h.patch
candidate	other	0183/drivers			False	False	stable_gap	0183__drivers__ata__libata.h.patch
candidate	other	0183/drivers			False	False	stable_gap	0183__drivers__bluetooth__hci_uart.h.patch
candidate	other	0183/drivers			False	False	stable_gap	0183__drivers__gpu__drm__amd__pm__inc__amdgpu_dpm.h.patch
candidate	other	0183/drivers			False	False	stable_gap	0183__drivers__gpu__drm__i915__display__intel_display_core.h.patch
candidate	other	0183/drivers			False	False	stable_gap	0183__drivers__md__dm-cache-policy-internal.h.patch
candidate	other	0183/drivers			False	False	stable_gap	0183__drivers__md__dm-verity.h.patch
candidate	other	0183/drivers			False	False	stable_gap	0183__drivers__md__persistent-data__dm-btree-internal.h.patch
candidate	other	0183/drivers			False	False	stable_gap	0183__drivers__mmc__host__sdhci.h.patch
candidate	other	0183/drivers			False	False	stable_gap	0183__drivers__net__ethernet__intel__ice__ice_vf_lib_private.h.patch
candidate	other	0183/drivers			False	False	stable_gap	0183__drivers__net__ethernet__marvell__octeontx2__af__rvu.h.patch
candidate	other	0183/drivers			False	False	stable_gap	0183__drivers__net__wireless__broadcom__brcm80211__brcmfmac__bus.h.patch
candidate	other	0183/drivers			False	False	stable_gap	0183__drivers__net__wireless__broadcom__brcm80211__brcmfmac__sdio.h.patch
candidate	other	0183/drivers			False	False	stable_gap	0183__drivers__remoteproc__qcom_common.h.patch
candidate	other	0183/drivers			False	False	stable_gap	0183__drivers__usb__gadget__function__tcm.h.patch
candidate	other	0183/drivers			False	False	stable_gap	0183__drivers__usb__typec__ucsi__ucsi.h.patch
candidate	other	0183/drivers			False	False	stable_gap	0183__drivers__vdpa__vdpa_user__iova_domain.h.patch
candidate	other	0183/drivers			False	False	stable_gap	0183__drivers__video__fbdev__core__fbcon.h.patch
candidate	other	0183/drivers			False	False	stable_gap	0183__drivers__video__fbdev__core__fbcon_rotate.h.patch
candidate	other	0183/fs			False	False	stable_gap	0183__fs__binfmt_elf.c.patch
candidate	other	0183/fs			False	False	stable_gap	0183__fs__ceph__mds_client.h.patch
candidate	other	0183/fs			False	False	stable_gap	0183__fs__ceph__super.h.patch
candidate	other	0183/fs			False	False	stable_gap	0183__fs__smb__server__connection.h.patch
candidate	other	0183/fs			False	False	stable_gap	0183__fs__smb__server__smb2pdu.h.patch
candidate	other	0183/include			False	False	stable_gap	0183__include__drm__drm_connector.h.patch
candidate	other	0183/include			False	False	stable_gap	0183__include__drm__drm_displayid.h.patch
candidate	other	0183/include			False	False	stable_gap	0183__include__linux__bootconfig.h.patch
candidate	other	0183/include			False	False	stable_gap	0183__include__linux__bpf_lsm.h.patch
candidate	other	0183/include			False	False	stable_gap	0183__include__linux__ceph__ceph_debug.h.patch
candidate	other	0183/include			False	False	stable_gap	0183__include__linux__ceph__mdsmap.h.patch
candidate	other	0183/include			False	False	stable_gap	0183__include__linux__firmware.h.patch
candidate	other	0183/include			False	False	stable_gap	0183__include__linux__fs.h.patch
candidate	other	0183/include			False	False	stable_gap	0183__include__linux__kvm_host.h.patch
candidate	other	0183/include			False	False	stable_gap	0183__include__linux__lsm_hooks.h.patch
candidate	other	0183/include			False	False	stable_gap	0183__include__linux__mm.h.patch
candidate	other	0183/include			False	False	stable_gap	0183__include__linux__mmc__sdio_ids.h.patch
candidate	other	0183/include			False	False	stable_gap	0183__include__linux__namei.h.patch
candidate	other	0183/include			False	False	stable_gap	0183__include__linux__overflow.h.patch
candidate	other	0183/include			False	False	stable_gap	0183__include__linux__pinctrl__consumer.h.patch
candidate	other	0183/include			False	False	stable_gap	0183__include__linux__sched__user.h.patch
candidate	other	0183/include			False	False	stable_gap	0183__include__linux__thunderbolt.h.patch
candidate	other	0183/include			False	False	stable_gap	0183__include__net__bluetooth__hci.h.patch
candidate	other	0183/include			False	False	stable_gap	0183__include__net__bluetooth__hci_sync.h.patch
candidate	other	0183/include			False	False	stable_gap	0183__include__net__gro.h.patch
candidate	other	0183/include			False	False	stable_gap	0183__include__net__ip_vs.h.patch
candidate	other	0183/include			False	False	stable_gap	0183__include__net__netfilter__nf_tables.h.patch
candidate	other	0183/include			False	False	stable_gap	0183__include__net__netfilter__nft_fib.h.patch
candidate	other	0183/include			False	False	stable_gap	0183__include__net__netfilter__nft_meta.h.patch
candidate	other	0183/include			False	False	stable_gap	0183__include__net__netfilter__nft_reject.h.patch
candidate	other	0183/include			False	False	stable_gap	0183__include__uapi__linux__ip_vs.h.patch
candidate	other	0183/include			False	False	stable_gap	0183__include__uapi__linux__netfilter__nf_tables.h.patch
candidate	other	0183/include			False	False	stable_gap	0183__include__uapi__linux__virtio_bt.h.patch
candidate	other	0183/kernel			False	False	stable_gap	0183__kernel__audit.h.patch
candidate	other	0183/mm			False	False	stable_gap	0183__mm__internal.h.patch
candidate	other	0183/net			False	False	stable_gap	0183__net__bluetooth__mgmt_util.h.patch
candidate	other	0183/net			False	False	stable_gap	0183__net__mptcp__protocol.h.patch
candidate	other	0183/net			False	False	stable_gap	0183__net__netfilter__nft_set_pipapo.h.patch
candidate	other	0183/security			False	False	stable_gap	0183__security__apparmor__include__net.h.patch
candidate	other	0183/security			False	False	stable_gap	0183__security__selinux__include__objsec.h.patch
candidate	other	0183/security			False	False	stable_gap	0183__security__smack__smack.h.patch
candidate	other	0184/drivers			False	False	stable_gap	0184__drivers__s390__cio__vfio_ccw_private.h.patch
candidate	other	0184/fs			False	False	stable_gap	0184__fs__xfs__libxfs__xfs_log_recover.h.patch
candidate	other	0184/fs			False	False	stable_gap	0184__fs__xfs__xfs_buf_item.h.patch
candidate	other	0184/fs			False	False	stable_gap	0184__fs__xfs__xfs_inode_item.h.patch
candidate	other	0184/fs			False	False	stable_gap	0184__fs__xfs__xfs_trans.h.patch
candidate	other	0184/include			False	False	stable_gap	0184__include__linux__can__core.h.patch
candidate	other	0184/include			False	False	stable_gap	0184__include__linux__can__skb.h.patch
candidate	other	0184/include			False	False	stable_gap	0184__include__linux__netdevice.h.patch
candidate	other	0184/include			False	False	stable_gap	0184__include__linux__pci-ecam.h.patch
candidate	other	0184/include			False	False	stable_gap	0184__include__linux__sched.h.patch
candidate	other	0184/include			False	False	stable_gap	0184__include__net__tls.h.patch
candidate	other	0186/drivers			False	False	stable_gap	0186__drivers__crypto__qce__common.h.patch
candidate	other	0186/drivers			False	False	stable_gap	0186__drivers__crypto__qce__regs-v5.h.patch
candidate	other	0186/drivers			False	False	stable_gap	0186__drivers__crypto__qce__sha.h.patch
candidate	other	0186/drivers			False	False	stable_gap	0186__drivers__nvme__target__nvmet.h.patch
candidate	other	0186/include			False	False	stable_gap	0186__include__linux__inetdevice.h.patch
candidate	other	0186/include			False	False	stable_gap	0186__include__linux__nvme.h.patch
candidate	other	0186/include			False	False	stable_gap	0186__include__net__bluetooth__hci_core.h.patch
candidate	other	0186/include			False	False	stable_gap	0186__include__target__target_core_fabric.h.patch
candidate	other	0186/net			False	False	stable_gap	0186__net__can__j1939__j1939-priv.h.patch
candidate	other	0186/net			False	False	stable_gap	0186__net__mptcp__protocol.h.patch
candidate	other	0187/arch			False	False	stable_gap	0187__arch__alpha__include__uapi__asm__fpu.h.patch
candidate	other	0187/arch			False	False	stable_gap	0187__arch__arm__mach-lpc32xx__common.h.patch
candidate	other	0187/arch			False	False	stable_gap	0187__arch__um__drivers__line.h.patch
candidate	other	0187/arch			False	False	stable_gap	0187__arch__x86__include__asm__insn-eval.h.patch
candidate	other	0187/arch			False	False	stable_gap	0187__arch__x86__include__asm__pkeys.h.patch
candidate	other	0187/drivers			False	False	stable_gap	0187__drivers__block__mtip32xx__mtip32xx.h.patch
candidate	other	0187/drivers			False	False	stable_gap	0187__drivers__block__null_blk__null_blk.h.patch
candidate	other	0187/drivers			False	False	stable_gap	0187__drivers__clk__qcom__clk-alpha-pll.h.patch
candidate	other	0187/drivers			False	False	stable_gap	0187__drivers__clk__qcom__clk-rcg.h.patch
candidate	other	0187/drivers			False	False	stable_gap	0187__drivers__gpu__drm__omapdrm__dss__dsi.h.patch
candidate	other	0187/drivers			False	False	stable_gap	0187__drivers__gpu__drm__sun4i__sun8i_tcon_top.h.patch
candidate	other	0187/drivers			False	False	stable_gap	0187__drivers__infiniband__core__core_priv.h.patch
candidate	other	0187/drivers			False	False	stable_gap	0187__drivers__infiniband__core__restrack.h.patch
candidate	other	0187/drivers			False	False	stable_gap	0187__drivers__infiniband__hw__erdma__erdma_verbs.h.patch
candidate	other	0187/drivers			False	False	stable_gap	0187__drivers__infiniband__hw__hfi1__hfi.h.patch
candidate	other	0187/drivers			False	False	stable_gap	0187__drivers__infiniband__hw__mlx4__mlx4_ib.h.patch
candidate	other	0187/drivers			False	False	stable_gap	0187__drivers__infiniband__hw__mlx5__qp.h.patch
candidate	other	0187/drivers			False	False	stable_gap	0187__drivers__infiniband__ulp__isert__ib_isert.h.patch
candidate	other	0187/drivers			False	False	stable_gap	0187__drivers__misc__ad525x_dpot.h.patch
candidate	other	0187/drivers			False	False	stable_gap	0187__drivers__mtd__ubi__ubi.h.patch
candidate	other	0187/drivers			False	False	stable_gap	0187__drivers__mtd__ubi__wl.h.patch
candidate	other	0187/drivers			False	False	stable_gap	0187__drivers__net__ethernet__qlogic__qede__qede.h.patch
candidate	other	0187/drivers			False	False	stable_gap	0187__drivers__net__ethernet__renesas__ravb.h.patch
candidate	other	0187/drivers			False	False	stable_gap	0187__drivers__net__wireless__intel__iwlwifi__mei__iwl-mei.h.patch
candidate	other	0187/drivers			False	False	stable_gap	0187__drivers__net__wireless__mediatek__mt76__mt7915__mcu.h.patch
candidate	other	0187/drivers			False	False	stable_gap	0187__drivers__net__wireless__mediatek__mt76__mt7915__mt7915.h.patch
candidate	other	0187/drivers			False	False	stable_gap	0187__drivers__net__wireless__mediatek__mt76__mt7915__regs.h.patch
candidate	other	0187/drivers			False	False	stable_gap	0187__drivers__nvme__host__nvme.h.patch
candidate	other	0187/drivers			False	False	stable_gap	0187__drivers__nvme__target__nvmet.h.patch
candidate	other	0187/drivers			False	False	stable_gap	0187__drivers__pinctrl__mediatek__mtk-eint.h.patch
candidate	other	0187/drivers			False	False	stable_gap	0187__drivers__pinctrl__mediatek__pinctrl-moore.h.patch
candidate	other	0187/drivers			False	False	stable_gap	0187__drivers__pinctrl__mediatek__pinctrl-mtk-common-v2.h.patch
candidate	other	0187/drivers			False	False	stable_gap	0187__drivers__pinctrl__mediatek__pinctrl-paris.h.patch
candidate	other	0187/drivers			False	False	stable_gap	0187__drivers__platform__x86__dell__dell-wmi-sysman__dell-wmi-sysman.h.patch
candidate	other	0187/drivers			False	False	stable_gap	0187__drivers__power__supply__bd99954-charger.h.patch
candidate	other	0187/drivers			False	False	stable_gap	0187__drivers__s390__char__tty3270.h.patch
candidate	other	0187/drivers			False	False	stable_gap	0187__drivers__scsi__qla2xxx__qla_inline.h.patch
candidate	other	0187/drivers			False	False	stable_gap	0187__drivers__staging__octeon__ethernet-mem.h.patch
candidate	other	0187/drivers			False	False	stable_gap	0187__drivers__staging__octeon__ethernet-rx.h.patch
candidate	other	0187/drivers			False	False	stable_gap	0187__drivers__staging__octeon__octeon-ethernet.h.patch
candidate	other	0187/drivers			False	False	stable_gap	0187__drivers__usb__core__usb.h.patch
candidate	other	0187/drivers			False	False	stable_gap	0187__drivers__usb__gadget__function__u_uac1_legacy.h.patch
candidate	other	0187/drivers			False	False	stable_gap	0187__drivers__usb__phy__phy-fsl-usb.h.patch
candidate	other	0187/fs			False	False	stable_gap	0187__fs__ecryptfs__ecryptfs_kernel.h.patch
candidate	other	0187/fs			False	False	stable_gap	0187__fs__nfs__internal.h.patch
candidate	other	0187/fs			False	False	stable_gap	0187__fs__nfs__netns.h.patch
candidate	other	0187/fs			False	False	stable_gap	0187__fs__nfs__pnfs.h.patch
candidate	other	0187/fs			False	False	stable_gap	0187__fs__nilfs2__bmap.h.patch
candidate	other	0187/fs			False	False	stable_gap	0187__fs__ocfs2__acl.h.patch
candidate	other	0187/fs			False	False	stable_gap	0187__fs__ocfs2__cluster__heartbeat.h.patch
candidate	other	0187/fs			False	False	stable_gap	0187__fs__ocfs2__cluster__nodemanager.h.patch
candidate	other	0187/fs			False	False	stable_gap	0187__fs__ocfs2__cluster__tcp.h.patch
candidate	other	0187/fs			False	False	stable_gap	0187__fs__ocfs2__xattr.h.patch
candidate	other	0187/include			False	False	stable_gap	0187__include__linux__bitfield.h.patch
candidate	other	0187/include			False	False	stable_gap	0187__include__linux__efi.h.patch
candidate	other	0187/include			False	False	stable_gap	0187__include__linux__hid.h.patch
candidate	other	0187/include			False	False	stable_gap	0187__include__linux__kprobes.h.patch
candidate	other	0187/include			False	False	stable_gap	0187__include__linux__list.h.patch
candidate	other	0187/include			False	False	stable_gap	0187__include__linux__mlx4__qp.h.patch
candidate	other	0187/include			False	False	stable_gap	0187__include__linux__nfs_xdr.h.patch
candidate	other	0187/include			False	False	stable_gap	0187__include__linux__of_graph.h.patch
candidate	other	0187/include			False	False	stable_gap	0187__include__linux__rcutiny.h.patch
candidate	other	0187/include			False	False	stable_gap	0187__include__linux__rcutree.h.patch
candidate	other	0187/include			False	False	stable_gap	0187__include__linux__remoteproc.h.patch
candidate	other	0187/include			False	False	stable_gap	0187__include__linux__rtsx_usb.h.patch
candidate	other	0187/include			False	False	stable_gap	0187__include__linux__sunrpc__svc_rdma_pcl.h.patch
candidate	other	0187/include			False	False	stable_gap	0187__include__linux__tty_driver.h.patch
candidate	other	0187/include			False	False	stable_gap	0187__include__linux__usb__typec.h.patch
candidate	other	0187/include			False	False	stable_gap	0187__include__linux__virtio_net.h.patch
candidate	other	0187/include			False	False	stable_gap	0187__include__media__rc-map.h.patch
candidate	other	0187/include			False	False	stable_gap	0187__include__net__bluetooth__hci.h.patch
candidate	other	0187/include			False	False	stable_gap	0187__include__net__inet_connection_sock.h.patch
candidate	other	0187/include			False	False	stable_gap	0187__include__net__inetpeer.h.patch
candidate	other	0187/include			False	False	stable_gap	0187__include__net__netfilter__nf_tables.h.patch
candidate	other	0187/include			False	False	stable_gap	0187__include__net__pkt_sched.h.patch
candidate	other	0187/include			False	False	stable_gap	0187__include__net__sctp__structs.h.patch
candidate	other	0187/include			False	False	stable_gap	0187__include__net__tcp.h.patch
candidate	other	0187/include			False	False	stable_gap	0187__include__rdma__ib_verbs.h.patch
candidate	other	0187/include			False	False	stable_gap	0187__include__rdma__restrack.h.patch
candidate	other	0187/include			False	False	stable_gap	0187__include__sound__control.h.patch
candidate	other	0187/include			False	False	stable_gap	0187__include__uapi__linux__if_link.h.patch
candidate	other	0187/include			False	False	stable_gap	0187__include__uapi__linux__landlock.h.patch
candidate	other	0187/include			False	False	stable_gap	0187__include__uapi__linux__time_types.h.patch
candidate	other	0187/include			False	False	stable_gap	0187__include__uapi__rdma__rdma_netlink.h.patch
candidate	other	0187/kernel			False	False	stable_gap	0187__kernel__rcu__tree_nocb.h.patch
candidate	other	0187/kernel			False	False	stable_gap	0187__kernel__rcu__tree_plugin.h.patch
landed	other	0187/kernel			False	False	stable_gap	0187__kernel__sched__cpufreq_schedutil.c.patch
candidate	other	0187/kernel			False	False	stable_gap	0187__kernel__trace__trace.h.patch
candidate	other	0187/mm			False	False	stable_gap	0187__mm__damon__vaddr-test.h.patch
candidate	other	0187/net			False	False	stable_gap	0187__net__batman-adv__types.h.patch
candidate	other	0187/net			False	False	stable_gap	0187__net__dccp__dccp.h.patch
candidate	other	0187/net			False	False	stable_gap	0187__net__hsr__hsr_device.h.patch
candidate	other	0187/net			False	False	stable_gap	0187__net__hsr__hsr_framereg.h.patch
candidate	other	0187/net			False	False	stable_gap	0187__net__openvswitch__conntrack.h.patch
candidate	other	0187/net			False	False	stable_gap	0187__net__openvswitch__datapath.h.patch
candidate	other	0187/net			False	False	stable_gap	0187__net__openvswitch__vport.h.patch
candidate	other	0187/net			False	False	stable_gap	0187__net__sunrpc__auth_gss__gss_rpc_upcall.h.patch
candidate	other	0187/security			False	False	stable_gap	0187__security__selinux__include__security.h.patch
candidate	other	0187/security			False	False	stable_gap	0187__security__smack__smack.h.patch
candidate	other	0187/sound			False	False	stable_gap	0187__sound__core__control_compat.c.patch
candidate	other	0187/tools			False	False	stable_gap	0187__tools__include__linux__compiler.h.patch
candidate	other	0187/tools			False	False	stable_gap	0187__tools__testing__selftests__rseq__rseq-x86-thread-pointer.h.patch
candidate	other	0141/drivers			False	False	stable_gap_h	0141__drivers__mmc__core__card.h.patch
candidate	other	0141/drivers			False	False	stable_gap_h	0141__drivers__mmc__core__quirks.h.patch
candidate	other	0141/drivers			False	False	stable_gap_h	0141__drivers__ptp__ptp_private.h.patch
candidate	other	0141/drivers			False	False	stable_gap_h	0141__drivers__usb__storage__unusual_uas.h.patch
landed	other	0141/fs			False	False	stable_gap_h	0141__fs__ext4__ext4.h.patch
candidate	other	0141/fs			False	False	stable_gap_h	0141__fs__f2fs__f2fs.h.patch
candidate	other	0141/include			False	False	stable_gap_h	0141__include__acpi__actypes.h.patch
candidate	other	0141/include			False	False	stable_gap_h	0141__include__linux__arm_sdei.h.patch
candidate	other	0141/include			False	False	stable_gap_h	0141__include__linux__bio.h.patch
candidate	other	0141/include			False	False	stable_gap_h	0141__include__linux__hid.h.patch
candidate	other	0141/include			False	False	stable_gap_h	0141__include__linux__hugetlb.h.patch
candidate	other	0141/include			False	False	stable_gap_h	0141__include__linux__mm.h.patch
candidate	other	0141/include			False	False	stable_gap_h	0141__include__linux__mm_types.h.patch
candidate	other	0141/include			False	False	stable_gap_h	0141__include__net__bluetooth__hci_core.h.patch
candidate	other	0141/include			False	False	stable_gap_h	0141__include__net__checksum.h.patch
candidate	other	0141/include			False	False	stable_gap_h	0141__include__net__sock.h.patch
candidate	other	0141/include			False	False	stable_gap_h	0141__include__trace__events__erofs.h.patch
candidate	other	0141/include			False	False	stable_gap_h	0141__include__uapi__linux__bpf.h.patch
candidate	other	0141/kernel			False	False	stable_gap_h	0141__kernel__trace__trace.h.patch
candidate	other	0141/net			False	False	stable_gap_h	0141__net__bridge__br_private.h.patch
candidate	other	0142/drivers			False	False	stable_gap_h	0142__drivers__firmware__arm_scmi__protocols.h.patch
candidate	other	0142/include			False	False	stable_gap_h	0142__include__linux__console.h.patch
candidate	other	0142/include			False	False	stable_gap_h	0142__include__uapi__linux__vm_sockets.h.patch
candidate	other	0143/drivers			False	False	stable_gap_h	0143__drivers__mmc__host__sdhci.h.patch
candidate	other	0143/include			False	False	stable_gap_h	0143__include__linux__cpu.h.patch
candidate	other	0143/include			False	False	stable_gap_h	0143__include__linux__usb__typec_dp.h.patch
candidate	other	0145/drivers			False	False	stable_gap_h	0145__drivers__hid__hid-ids.h.patch
candidate	other	0145/include			False	False	stable_gap_h	0145__include__drm__drm_file.h.patch
candidate	other	0145/include			False	False	stable_gap_h	0145__include__linux__fs.h.patch
candidate	other	0145/include			False	False	stable_gap_h	0145__include__trace__events__erofs.h.patch
candidate	other	0146/drivers			False	False	stable_gap_h	0146__drivers__usb__core__hub.h.patch
candidate	other	0146/drivers			False	False	stable_gap_h	0146__drivers__usb__serial__ftdi_sio_ids.h.patch
candidate	other	0146/include			False	False	stable_gap_h	0146__include__net__netfilter__nf_conntrack.h.patch
candidate	other	0146/kernel			False	False	stable_gap_h	0146__kernel__sched__sched.h.patch
candidate	other	0146/net			False	False	stable_gap_h	0146__net__8021q__vlan.h.patch
candidate	other	0146/net			False	False	stable_gap_h	0146__net__bluetooth__smp.h.patch
candidate	other	0147/fs			False	False	stable_gap_h	0147__fs__erofs__internal.h.patch
candidate	other	0147/fs			False	False	stable_gap_h	0147__fs__f2fs__f2fs.h.patch
candidate	other	0147/fs			False	False	stable_gap_h	0147__fs__f2fs__segment.h.patch
candidate	other	0147/fs			False	False	stable_gap_h	0147__fs__proc__internal.h.patch
candidate	other	0147/include			False	False	stable_gap_h	0147__include__linux__fs_context.h.patch
candidate	other	0147/include			False	False	stable_gap_h	0147__include__linux__moduleparam.h.patch
candidate	other	0147/include			False	False	stable_gap_h	0147__include__linux__pps_kernel.h.patch
candidate	other	0147/include			False	False	stable_gap_h	0147__include__linux__proc_fs.h.patch
candidate	other	0147/include			False	False	stable_gap_h	0147__include__linux__skbuff.h.patch
candidate	other	0147/include			False	False	stable_gap_h	0147__include__linux__usb__usbnet.h.patch
candidate	other	0147/include			False	False	stable_gap_h	0147__include__linux__wait_bit.h.patch
candidate	other	0147/include			False	False	stable_gap_h	0147__include__net__udp.h.patch
candidate	other	0148/arch			False	False	stable_gap_h	0148__arch__arm64__include__asm__acpi.h.patch
candidate	other	0148/drivers			False	False	stable_gap_h	0148__drivers__i3c__internals.h.patch
candidate	other	0148/drivers			False	False	stable_gap_h	0148__drivers__usb__storage__unusual_devs.h.patch
candidate	other	0148/drivers			False	False	stable_gap_h	0148__drivers__usb__typec__ucsi__ucsi.h.patch
candidate	other	0148/include			False	False	stable_gap_h	0148__include__linux__blk_types.h.patch
candidate	other	0148/include			False	False	stable_gap_h	0148__include__linux__compiler.h.patch
candidate	other	0148/include			False	False	stable_gap_h	0148__include__linux__fs.h.patch
candidate	other	0148/include			False	False	stable_gap_h	0148__include__linux__hypervisor.h.patch
candidate	other	0148/include			False	False	stable_gap_h	0148__include__linux__if_vlan.h.patch
candidate	other	0148/include			False	False	stable_gap_h	0148__include__linux__iosys-map.h.patch
candidate	other	0148/include			False	False	stable_gap_h	0148__include__linux__memfd.h.patch
candidate	other	0148/include			False	False	stable_gap_h	0148__include__linux__pci.h.patch
candidate	other	0148/include			False	False	stable_gap_h	0148__include__linux__skbuff.h.patch
candidate	other	0148/include			False	False	stable_gap_h	0148__include__linux__usb__cdc_ncm.h.patch
candidate	other	0148/include			False	False	stable_gap_h	0148__include__net__cfg80211.h.patch
candidate	other	0148/include			False	False	stable_gap_h	0148__include__net__neighbour.h.patch
candidate	other	0148/include			False	False	stable_gap_h	0148__include__sound__soc-dai.h.patch
candidate	other	0148/include			False	False	stable_gap_h	0148__include__uapi__linux__if_link.h.patch
candidate	other	0148/include			False	False	stable_gap_h	0148__include__uapi__linux__in6.h.patch
candidate	other	0148/include			False	False	stable_gap_h	0148__include__uapi__linux__io_uring.h.patch
candidate	other	0148/kernel			False	False	stable_gap_h	0148__kernel__rcu__tree_plugin.h.patch
candidate	other	0148/kernel			False	False	stable_gap_h	0148__kernel__trace__trace.h.patch
candidate	other	0148/net			False	False	stable_gap_h	0148__net__bridge__br_private.h.patch
candidate	other	0149/include			False	False	stable_gap_h	0149__include__net__bluetooth__hci_sync.h.patch
candidate	other	0149/include			False	False	stable_gap_h	0149__include__net__rose.h.patch
candidate	other	0150/include			False	False	stable_gap_h	0150__include__linux__bpf-cgroup.h.patch
candidate	other	0150/include			False	False	stable_gap_h	0150__include__linux__pci.h.patch
candidate	other	0150/include			False	False	stable_gap_h	0150__include__linux__pgtable.h.patch
candidate	other	0150/include			False	False	stable_gap_h	0150__include__linux__vmalloc.h.patch
candidate	other	0152/include			False	False	stable_gap_h	0152__include__linux__compiler-clang.h.patch
candidate	other	0153/io_uring			False	False	stable_gap_h	0153__io_uring__io_uring.h.patch
candidate	other	0154/fs			False	False	stable_gap_h	0154__fs__ext4__ext4.h.patch
candidate	other	0154/include			False	False	stable_gap_h	0154__include__linux__minmax.h.patch
candidate	other	0154/include			False	False	stable_gap_h	0154__include__linux__mm.h.patch
candidate	other	0154/include			False	False	stable_gap_h	0154__include__linux__swap.h.patch
candidate	other	0154/include			False	False	stable_gap_h	0154__include__net__bluetooth__hci_core.h.patch
candidate	other	0154/net			False	False	stable_gap_h	0154__net__tipc__core.h.patch
candidate	other	0155/drivers			False	False	stable_gap_h	0155__drivers__md__dm-core.h.patch
candidate	other	0155/fs			False	False	stable_gap_h	0155__fs__ext4__ext4.h.patch
candidate	other	0155/include			False	False	stable_gap_h	0155__include__crypto__sha256_base.h.patch
candidate	other	0155/include			False	False	stable_gap_h	0155__include__linux__device.h.patch
candidate	other	0155/include			False	False	stable_gap_h	0155__include__trace__events__filelock.h.patch
candidate	other	0155/net			False	False	stable_gap_h	0155__net__netfilter__ipset__ip_set_hash_gen.h.patch
candidate	other	0156/include			False	False	stable_gap_h	0156__include__acpi__acpixf.h.patch
candidate	other	0156/include			False	False	stable_gap_h	0156__include__linux__sched.h.patch
candidate	other	0156/include			False	False	stable_gap_h	0156__include__media__v4l2-subdev.h.patch
candidate	other	0156/kernel			False	False	stable_gap_h	0156__kernel__trace__trace_probe.h.patch
candidate	other	0157/arch			False	False	stable_gap_h	0157__arch__arm64__include__asm__cputype.h.patch
candidate	other	0157/arch			False	False	stable_gap_h	0157__arch__arm64__include__asm__pgtable.h.patch
candidate	other	0157/fs			False	False	stable_gap_h	0157__fs__fuse__fuse_i.h.patch
candidate	other	0157/include			False	False	stable_gap_h	0157__include__linux__cpufreq.h.patch
candidate	other	0157/include			False	False	stable_gap_h	0157__include__linux__mm.h.patch
candidate	other	0157/include			False	False	stable_gap_h	0157__include__linux__pci.h.patch
candidate	other	0157/include			False	False	stable_gap_h	0157__include__linux__pm_runtime.h.patch
candidate	other	0157/include			False	False	stable_gap_h	0157__include__linux__usb__gadget.h.patch
candidate	other	0157/include			False	False	stable_gap_h	0157__include__net__ip_tunnels.h.patch
candidate	other	0158/drivers			False	False	stable_gap_h	0158__drivers__usb__gadget__udc__trace.h.patch
candidate	other	0158/drivers			False	False	stable_gap_h	0158__drivers__usb__host__xhci-dbgcap.h.patch
candidate	other	0158/drivers			False	False	stable_gap_h	0158__drivers__usb__serial__ftdi_sio_ids.h.patch
candidate	other	0158/include			False	False	stable_gap_h	0158__include__linux__cacheinfo.h.patch
candidate	other	0158/include			False	False	stable_gap_h	0158__include__linux__compiler_types.h.patch
candidate	other	0158/include			False	False	stable_gap_h	0158__include__linux__filter.h.patch
candidate	other	0158/include			False	False	stable_gap_h	0158__include__linux__fs.h.patch
candidate	other	0158/include			False	False	stable_gap_h	0158__include__linux__kernel.h.patch
candidate	other	0158/include			False	False	stable_gap_h	0158__include__linux__pagemap.h.patch
candidate	other	0158/include			False	False	stable_gap_h	0158__include__linux__pci.h.patch
candidate	other	0158/include			False	False	stable_gap_h	0158__include__linux__string.h.patch
candidate	other	0158/include			False	False	stable_gap_h	0158__include__linux__suspend.h.patch
candidate	other	0158/include			False	False	stable_gap_h	0158__include__linux__usb__gadget.h.patch
candidate	other	0158/include			False	False	stable_gap_h	0158__include__net__bluetooth__hci.h.patch
candidate	other	0158/include			False	False	stable_gap_h	0158__include__net__bluetooth__mgmt.h.patch
candidate	other	0158/include			False	False	stable_gap_h	0158__include__net__cls_cgroup.h.patch
candidate	other	0158/include			False	False	stable_gap_h	0158__include__net__pkt_sched.h.patch
candidate	other	0158/include			False	False	stable_gap_h	0158__include__net__tls.h.patch
candidate	other	0158/include			False	False	stable_gap_h	0158__include__net__xdp.h.patch
candidate	other	0158/include			False	False	stable_gap_h	0158__include__net__xfrm.h.patch
candidate	other	0158/include			False	False	stable_gap_h	0158__include__uapi__asm-generic__bitsperlong.h.patch
candidate	other	0158/include			False	False	stable_gap_h	0158__include__ufs__ufshci.h.patch
candidate	other	0158/net			False	False	stable_gap_h	0158__net__bridge__br_private.h.patch
candidate	other	0159/drivers			False	False	stable_gap_h	0159__drivers__hid__hid-ids.h.patch
candidate	other	0159/drivers			False	False	stable_gap_h	0159__drivers__pci__controller__dwc__pcie-designware.h.patch
candidate	other	0159/drivers			False	False	stable_gap_h	0159__drivers__usb__host__xhci.h.patch
candidate	other	0159/drivers			False	False	stable_gap_h	0159__drivers__usb__storage__unusual_uas.h.patch
candidate	other	0159/fs			False	False	stable_gap_h	0159__fs__ext4__ext4.h.patch
candidate	other	0159/fs			False	False	stable_gap_h	0159__fs__f2fs__xattr.h.patch
candidate	other	0159/include			False	False	stable_gap_h	0159__include__linux__compiler_types.h.patch
candidate	other	0159/include			False	False	stable_gap_h	0159__include__linux__cper.h.patch
candidate	other	0159/include			False	False	stable_gap_h	0159__include__linux__filter.h.patch
candidate	other	0159/include			False	False	stable_gap_h	0159__include__linux__fs_context.h.patch
candidate	other	0159/include			False	False	stable_gap_h	0159__include__linux__genalloc.h.patch
candidate	other	0159/include			False	False	stable_gap_h	0159__include__linux__ieee80211.h.patch
candidate	other	0159/include			False	False	stable_gap_h	0159__include__linux__if_bridge.h.patch
candidate	other	0159/include			False	False	stable_gap_h	0159__include__linux__kasan.h.patch
candidate	other	0159/include			False	False	stable_gap_h	0159__include__linux__nfs_fs_sb.h.patch
candidate	other	0159/include			False	False	stable_gap_h	0159__include__linux__nfs_xdr.h.patch
candidate	other	0159/include			False	False	stable_gap_h	0159__include__linux__rculist_nulls.h.patch
candidate	other	0159/include			False	False	stable_gap_h	0159__include__linux__reset.h.patch
candidate	other	0159/include			False	False	stable_gap_h	0159__include__linux__sched__topology.h.patch
candidate	other	0159/include			False	False	stable_gap_h	0159__include__linux__security.h.patch
candidate	other	0159/include			False	False	stable_gap_h	0159__include__linux__serial_core.h.patch
candidate	other	0159/include			False	False	stable_gap_h	0159__include__linux__tpm.h.patch
candidate	other	0159/include			False	False	stable_gap_h	0159__include__linux__tty_port.h.patch
candidate	other	0159/include			False	False	stable_gap_h	0159__include__linux__virtio_config.h.patch
candidate	other	0159/include			False	False	stable_gap_h	0159__include__media__v4l2-mem2mem.h.patch
candidate	other	0159/include			False	False	stable_gap_h	0159__include__net__netfilter__nf_conntrack_count.h.patch
candidate	other	0159/include			False	False	stable_gap_h	0159__include__net__sock.h.patch
candidate	other	0159/include			False	False	stable_gap_h	0159__include__net__xfrm.h.patch
candidate	other	0159/include			False	False	stable_gap_h	0159__include__uapi__sound__asound.h.patch
candidate	other	0159/kernel			False	False	stable_gap_h	0159__kernel__sched__features.h.patch
candidate	other	0159/kernel			False	False	stable_gap_h	0159__kernel__sched__sched.h.patch
candidate	other	0159/net			False	False	stable_gap_h	0159__net__bridge__br_private.h.patch
candidate	other	0160/fs			False	False	stable_gap_h	0160__fs__ext4__xattr.h.patch
candidate	other	0160/include			False	False	stable_gap_h	0160__include__linux__netdevice.h.patch
candidate	other	0160/include			False	False	stable_gap_h	0160__include__linux__pagewalk.h.patch
candidate	other	0160/include			False	False	stable_gap_h	0160__include__net__dst.h.patch
candidate	other	0160/include			False	False	stable_gap_h	0160__include__uapi__linux__nfs.h.patch
candidate	other	0161/drivers			False	False	stable_gap_h	0161__drivers__nvme__host__fabrics.h.patch
candidate	other	0161/drivers			False	False	stable_gap_h	0161__drivers__nvme__host__nvme.h.patch
candidate	other	0161/drivers			False	False	stable_gap_h	0161__drivers__ptp__ptp_private.h.patch
candidate	other	0161/drivers			False	False	stable_gap_h	0161__drivers__usb__dwc3__core.h.patch
candidate	other	0161/drivers			False	False	stable_gap_h	0161__drivers__usb__serial__ftdi_sio_ids.h.patch
candidate	other	0161/include			False	False	stable_gap_h	0161__include__linux__kfence.h.patch
candidate	other	0161/include			False	False	stable_gap_h	0161__include__linux__nvme.h.patch
candidate	other	0161/include			False	False	stable_gap_h	0161__include__linux__posix-clock.h.patch
candidate	other	0161/include			False	False	stable_gap_h	0161__include__linux__textsearch.h.patch
candidate	other	0161/include			False	False	stable_gap_h	0161__include__linux__usb__quirks.h.patch
candidate	other	0161/include			False	False	stable_gap_h	0161__include__net__nfc__nfc.h.patch
candidate	other	0161/include			False	False	stable_gap_h	0161__include__scsi__scsi_eh.h.patch
candidate	other	0161/include			False	False	stable_gap_h	0161__include__sound__pcm.h.patch
candidate	other	0162/kernel			False	False	stable_gap_h	0162__kernel__trace__trace.h.patch
candidate	other	0162/kernel			False	False	stable_gap_h	0162__kernel__trace__trace_entries.h.patch
candidate	other	0163/include			False	False	stable_gap_h	0163__include__net__ip_tunnels.h.patch
candidate	other	0163/include			False	False	stable_gap_h	0163__include__net__xdp_sock.h.patch
candidate	other	0163/include			False	False	stable_gap_h	0163__include__net__xsk_buff_pool.h.patch
candidate	other	0164/arch			False	False	stable_gap_h	0164__arch__arm64__include__asm__rwonce.h.patch
candidate	other	0164/drivers			False	False	stable_gap_h	0164__drivers__pci__pci.h.patch
candidate	other	0164/include			False	False	stable_gap_h	0164__include__acpi__ghes.h.patch
candidate	other	0164/include			False	False	stable_gap_h	0164__include__asm-generic__audit_change_attr.h.patch
candidate	other	0164/include			False	False	stable_gap_h	0164__include__asm-generic__audit_read.h.patch
candidate	other	0164/include			False	False	stable_gap_h	0164__include__drm__drm_of.h.patch
candidate	other	0164/include			False	False	stable_gap_h	0164__include__linux__audit.h.patch
candidate	other	0164/include			False	False	stable_gap_h	0164__include__linux__audit_arch.h.patch
candidate	other	0164/include			False	False	stable_gap_h	0164__include__linux__capability.h.patch
candidate	other	0164/include			False	False	stable_gap_h	0164__include__linux__clk.h.patch
candidate	other	0164/include			False	False	stable_gap_h	0164__include__linux__cper.h.patch
candidate	other	0164/include			False	False	stable_gap_h	0164__include__linux__ftrace.h.patch
candidate	other	0164/include			False	False	stable_gap_h	0164__include__linux__module.h.patch
candidate	other	0164/include			False	False	stable_gap_h	0164__include__linux__skbuff.h.patch
candidate	other	0164/include			False	False	stable_gap_h	0164__include__linux__skmsg.h.patch
candidate	other	0164/include			False	False	stable_gap_h	0164__include__linux__u64_stats_sync.h.patch
candidate	other	0164/include			False	False	stable_gap_h	0164__include__net__bluetooth__l2cap.h.patch
candidate	other	0164/include			False	False	stable_gap_h	0164__include__net__ioam6.h.patch
candidate	other	0164/include			False	False	stable_gap_h	0164__include__net__ipv6.h.patch
candidate	other	0164/include			False	False	stable_gap_h	0164__include__net__netfilter__nf_conntrack_count.h.patch
candidate	other	0164/include			False	False	stable_gap_h	0164__include__net__netns__ipv4.h.patch
candidate	other	0164/include			False	False	stable_gap_h	0164__include__rdma__ib_verbs.h.patch
candidate	other	0164/include			False	False	stable_gap_h	0164__include__uapi__linux__io_uring.h.patch
candidate	other	0164/include			False	False	stable_gap_h	0164__include__uapi__linux__netfilter_bridge.h.patch
candidate	other	0164/include			False	False	stable_gap_h	0164__include__xen__arm__xen-ops.h.patch
candidate	other	0164/include			False	False	stable_gap_h	0164__include__xen__xen-ops.h.patch
candidate	other	0164/io_uring			False	False	stable_gap_h	0164__io_uring__cancel.h.patch
candidate	other	0164/kernel			False	False	stable_gap_h	0164__kernel__audit.h.patch
candidate	other	0164/net			False	False	stable_gap_h	0164__net__ipv4__fib_lookup.h.patch
candidate	other	0166/arch			False	False	stable_gap_h	0166__arch__arm64__include__asm__pgtable-prot.h.patch
candidate	other	0166/drivers			False	False	stable_gap_h	0166__drivers__md__dm-verity-fec.h.patch
candidate	other	0166/drivers			False	False	stable_gap_h	0166__drivers__pci__pci.h.patch
candidate	other	0166/drivers			False	False	stable_gap_h	0166__drivers__usb__class__cdc-acm.h.patch
candidate	other	0166/fs			False	False	stable_gap_h	0166__fs__ext4__ext4.h.patch
candidate	other	0166/fs			False	False	stable_gap_h	0166__fs__ext4__extents_status.h.patch
candidate	other	0166/include			False	False	stable_gap_h	0166__include__asm-generic__tlb.h.patch
candidate	other	0166/include			False	False	stable_gap_h	0166__include__linux__bpf.h.patch
candidate	other	0166/include			False	False	stable_gap_h	0166__include__linux__hugetlb.h.patch
candidate	other	0166/include			False	False	stable_gap_h	0166__include__linux__indirect_call_wrapper.h.patch
candidate	other	0166/include			False	False	stable_gap_h	0166__include__linux__ioport.h.patch
candidate	other	0166/include			False	False	stable_gap_h	0166__include__linux__irqchip__arm-gic-v3.h.patch
candidate	other	0166/include			False	False	stable_gap_h	0166__include__linux__mm_types.h.patch
candidate	other	0166/include			False	False	stable_gap_h	0166__include__linux__pci.h.patch
candidate	other	0166/include			False	False	stable_gap_h	0166__include__linux__security.h.patch
candidate	other	0166/include			False	False	stable_gap_h	0166__include__linux__skbuff.h.patch
candidate	other	0166/include			False	False	stable_gap_h	0166__include__linux__uprobes.h.patch
candidate	other	0166/include			False	False	stable_gap_h	0166__include__linux__usb.h.patch
candidate	other	0166/include			False	False	stable_gap_h	0166__include__net__act_api.h.patch
candidate	other	0166/include			False	False	stable_gap_h	0166__include__net__sch_generic.h.patch
candidate	other	0166/include			False	False	stable_gap_h	0166__include__net__tc_act__tc_gate.h.patch
candidate	other	0166/include			False	False	stable_gap_h	0166__include__net__udp_tunnel.h.patch
candidate	other	0166/kernel			False	False	stable_gap_h	0166__kernel__rcu__tree_nocb.h.patch
candidate	other	0167/drivers			False	False	stable_gap_h	0167__drivers__cpufreq__cpufreq_governor.h.patch
candidate	other	0167/drivers			False	False	stable_gap_h	0167__drivers__usb__gadget__function__uvc.h.patch
candidate	other	0167/include			False	False	stable_gap_h	0167__include__acpi__acpixf.h.patch
candidate	other	0167/include			False	False	stable_gap_h	0167__include__linux__dma-mapping.h.patch
candidate	other	0167/include			False	False	stable_gap_h	0167__include__linux__netdevice.h.patch
candidate	other	0167/include			False	False	stable_gap_h	0167__include__linux__netfilter__ipset__ip_set.h.patch
candidate	other	0167/include			False	False	stable_gap_h	0167__include__linux__rtnetlink.h.patch
candidate	other	0167/include			False	False	stable_gap_h	0167__include__linux__usb__r8152.h.patch
candidate	other	0167/include			False	False	stable_gap_h	0167__include__net__inet_hashtables.h.patch
candidate	other	0167/include			False	False	stable_gap_h	0167__include__net__netfilter__nf_conntrack_expect.h.patch
candidate	other	0167/include			False	False	stable_gap_h	0167__include__net__netlink.h.patch
candidate	other	0167/include			False	False	stable_gap_h	0167__include__net__rtnetlink.h.patch
candidate	other	0167/include			False	False	stable_gap_h	0167__include__uapi__linux__dma-buf.h.patch
candidate	other	0167/include			False	False	stable_gap_h	0167__include__uapi__linux__netfilter__nf_conntrack_common.h.patch
candidate	other	0167/net			False	False	stable_gap_h	0167__net__bluetooth__eir.h.patch
candidate	other	0167/net			False	False	stable_gap_h	0167__net__can__af_can.h.patch
candidate	other	0167/net			False	False	stable_gap_h	0167__net__core__dev.h.patch
landed	other	0167/net			False	False	stable_gap_h	0167__net__netfilter__ipset__ip_set_hash_gen.h.patch
candidate	other	0168/drivers			False	False	stable_gap_h	0168__drivers__media__usb__uvc__uvcvideo.h.patch
candidate	other	0168/include			False	False	stable_gap_h	0168__include__net__netfilter__nf_conntrack_timeout.h.patch
candidate	other	0172/include			False	False	stable_gap_h	0172__include__linux__sched.h.patch
candidate	other	0174/drivers			False	False	stable_gap_h	0174__drivers__hid__hid-ids.h.patch
candidate	other	0174/drivers			False	False	stable_gap_h	0174__drivers__mmc__core__queue.h.patch
candidate	other	0174/drivers			False	False	stable_gap_h	0174__drivers__usb__storage__unusual_devs.h.patch
conflict	other	0174/fs			False	False	stable_gap_h	0174__fs__f2fs__f2fs.h.patch
candidate	other	0174/include			False	False	stable_gap_h	0174__include__linux__cdrom.h.patch
candidate	other	0174/include			False	False	stable_gap_h	0174__include__linux__container_of.h.patch
candidate	other	0174/include			False	False	stable_gap_h	0174__include__linux__cpuhotplug.h.patch
candidate	other	0174/include			False	False	stable_gap_h	0174__include__linux__dev_printk.h.patch
candidate	other	0174/include			False	False	stable_gap_h	0174__include__linux__dmi.h.patch
candidate	other	0174/include			False	False	stable_gap_h	0174__include__linux__fsnotify_backend.h.patch
candidate	other	0174/include			False	False	stable_gap_h	0174__include__linux__kvm_host.h.patch
candidate	other	0174/include			False	False	stable_gap_h	0174__include__linux__module.h.patch
candidate	other	0174/include			False	False	stable_gap_h	0174__include__linux__moduleparam.h.patch
candidate	other	0174/include			False	False	stable_gap_h	0174__include__linux__padata.h.patch
candidate	other	0174/include			False	False	stable_gap_h	0174__include__linux__ppp_defs.h.patch
candidate	other	0174/include			False	False	stable_gap_h	0174__include__linux__printk.h.patch
landed	other	0174/include			False	False	stable_gap_h	0174__include__linux__quotaops.h.patch
candidate	other	0174/include			False	False	stable_gap_h	0174__include__linux__randomize_kstack.h.patch
candidate	other	0174/include			False	False	stable_gap_h	0174__include__linux__sched.h.patch
landed	other	0174/include			False	False	stable_gap_h	0174__include__linux__string.h.patch
candidate	other	0174/include			False	False	stable_gap_h	0174__include__linux__tcp.h.patch
candidate	other	0174/include			False	False	stable_gap_h	0174__include__linux__tpm_eventlog.h.patch
candidate	other	0174/include			False	False	stable_gap_h	0174__include__linux__usb.h.patch
candidate	other	0174/include			False	False	stable_gap_h	0174__include__net__bluetooth__hci_sync.h.patch
candidate	other	0174/include			False	False	stable_gap_h	0174__include__net__ipv6.h.patch
candidate	other	0174/include			False	False	stable_gap_h	0174__include__net__netfilter__nf_queue.h.patch
candidate	other	0174/include			False	False	stable_gap_h	0174__include__net__pkt_cls.h.patch
candidate	other	0174/include			False	False	stable_gap_h	0174__include__net__route.h.patch
candidate	other	0174/include			False	False	stable_gap_h	0174__include__net__tcp.h.patch
candidate	other	0174/include			False	False	stable_gap_h	0174__include__net__udp_tunnel.h.patch
candidate	other	0174/include			False	False	stable_gap_h	0174__include__trace__events__timer.h.patch
candidate	other	0174/include			False	False	stable_gap_h	0174__include__uapi__linux__bpf.h.patch
candidate	other	0174/include			False	False	stable_gap_h	0174__include__uapi__linux__if_link.h.patch
candidate	other	0174/include			False	False	stable_gap_h	0174__include__uapi__linux__kvm.h.patch
landed	other	0174/include			False	False	stable_gap_h	0174__include__ufs__ufshcd.h.patch
candidate	other	0174/net			False	False	stable_gap_h	0174__net__bluetooth__hci_request.h.patch
landed	other	0174/sound			False	False	stable_gap_h	0174__sound__usb__stream.h.patch
candidate	other	0175/arch			False	False	stable_gap_h	0175__arch__arm64__include__asm__cputype.h.patch
candidate	other	0175/arch			False	False	stable_gap_h	0175__arch__arm64__include__asm__kvm_mmu.h.patch
candidate	other	0175/arch			False	False	stable_gap_h	0175__arch__arm64__include__asm__tlb.h.patch
candidate	other	0175/arch			False	False	stable_gap_h	0175__arch__arm64__include__asm__tlbflush.h.patch
candidate	other	0175/drivers			False	False	stable_gap_h	0175__drivers__hid__hid-ids.h.patch
candidate	other	0175/drivers			False	False	stable_gap_h	0175__drivers__hid__wacom_wac.h.patch
candidate	other	0175/drivers			False	False	stable_gap_h	0175__drivers__usb__gadget__function__u_ether.h.patch
candidate	other	0175/drivers			False	False	stable_gap_h	0175__drivers__usb__gadget__function__u_ncm.h.patch
candidate	other	0175/drivers			False	False	stable_gap_h	0175__drivers__usb__storage__unusual_uas.h.patch
candidate	other	0175/include			False	False	stable_gap_h	0175__include__drm__display__drm_dp.h.patch
candidate	other	0175/include			False	False	stable_gap_h	0175__include__drm__drm_fourcc.h.patch
candidate	other	0175/include			False	False	stable_gap_h	0175__include__linux__compat.h.patch
candidate	other	0175/include			False	False	stable_gap_h	0175__include__linux__compiler-clang.h.patch
candidate	other	0175/include			False	False	stable_gap_h	0175__include__linux__compiler_attributes.h.patch
candidate	other	0175/include			False	False	stable_gap_h	0175__include__linux__compiler_types.h.patch
candidate	other	0175/include			False	False	stable_gap_h	0175__include__linux__fb.h.patch
candidate	other	0175/include			False	False	stable_gap_h	0175__include__linux__hid.h.patch
candidate	other	0175/include			False	False	stable_gap_h	0175__include__linux__mm.h.patch
candidate	other	0175/include			False	False	stable_gap_h	0175__include__linux__syscalls.h.patch
candidate	other	0175/include			False	False	stable_gap_h	0175__include__net__act_api.h.patch
landed	other	0175/include			False	False	stable_gap_h	0175__include__net__bluetooth__bluetooth.h.patch
landed	other	0175/include			False	False	stable_gap_h	0175__include__net__bluetooth__l2cap.h.patch
landed	other	0175/include			False	False	stable_gap_h	0175__include__net__mctp.h.patch
candidate	other	0175/include			False	False	stable_gap_h	0175__include__net__netfilter__nf_conntrack_core.h.patch
candidate	other	0175/include			False	False	stable_gap_h	0175__include__net__netfilter__nf_conntrack_helper.h.patch
landed	other	0175/include			False	False	stable_gap_h	0175__include__net__sock.h.patch
candidate	other	0175/include			False	False	stable_gap_h	0175__include__net__xfrm.h.patch
candidate	other	0175/include			False	False	stable_gap_h	0175__include__rdma__ib_verbs.h.patch
landed	other	0175/kernel			False	False	stable_gap_h	0175__kernel__sched__sched.h.patch
candidate	other	0175/kernel			False	False	stable_gap_h	0175__kernel__trace__trace_probe.h.patch
conflict	other	0175/net			False	False	stable_gap_h	0175__net__packet__internal.h.patch
landed	other	0176/include			False	False	stable_gap_h	0176__include__keys__request_key_auth-type.h.patch
candidate	other	0176/include			False	False	stable_gap_h	0176__include__linux__kvm_host.h.patch
candidate	other	0176/include			False	False	stable_gap_h	0176__include__linux__lockdep.h.patch
candidate	other	0176/include			False	False	stable_gap_h	0176__include__linux__lockdep_types.h.patch
candidate	other	0176/include			False	False	stable_gap_h	0176__include__linux__ring_buffer.h.patch
candidate	other	0176/include			False	False	stable_gap_h	0176__include__linux__skmsg.h.patch
landed	other	0176/include			False	False	stable_gap_h	0176__include__net__tc_act__tc_pedit.h.patch
landed	other	0176/security			False	False	stable_gap_h	0176__security__keys__internal.h.patch
candidate	other	0177/drivers			False	False	stable_gap_h	0177__drivers__nvdimm__nd.h.patch
candidate	other	0177/drivers			False	False	stable_gap_h	0177__drivers__usb__typec__ucsi__ucsi.h.patch
candidate	other	0177/fs			False	False	stable_gap_h	0177__fs__f2fs__f2fs.h.patch
candidate	other	0177/fs			False	False	stable_gap_h	0177__fs__proc__internal.h.patch
candidate	other	0177/include			False	False	stable_gap_h	0177__include__crypto__drbg.h.patch
candidate	other	0177/include			False	False	stable_gap_h	0177__include__linux__audit.h.patch
candidate	other	0177/include			False	False	stable_gap_h	0177__include__linux__backing-dev-defs.h.patch
candidate	other	0177/include			False	False	stable_gap_h	0177__include__linux__bitops.h.patch
candidate	other	0177/include			False	False	stable_gap_h	0177__include__linux__bpf.h.patch
candidate	other	0177/include			False	False	stable_gap_h	0177__include__linux__bpf_local_storage.h.patch
candidate	other	0177/include			False	False	stable_gap_h	0177__include__linux__device.h.patch
candidate	other	0177/include			False	False	stable_gap_h	0177__include__linux__efi.h.patch
candidate	other	0177/include			False	False	stable_gap_h	0177__include__linux__glob.h.patch
candidate	other	0177/include			False	False	stable_gap_h	0177__include__linux__jiffies.h.patch
candidate	other	0177/include			False	False	stable_gap_h	0177__include__linux__pci.h.patch
candidate	other	0177/include			False	False	stable_gap_h	0177__include__linux__seqlock.h.patch
candidate	other	0177/include			False	False	stable_gap_h	0177__include__linux__sunrpc__xprt.h.patch
candidate	other	0177/include			False	False	stable_gap_h	0177__include__linux__virtio.h.patch
candidate	other	0177/include			False	False	stable_gap_h	0177__include__linux__vmalloc.h.patch
candidate	other	0177/include			False	False	stable_gap_h	0177__include__linux__writeback.h.patch
candidate	other	0177/include			False	False	stable_gap_h	0177__include__net__addrconf.h.patch
conflict	other	0177/include			False	False	stable_gap_h	0177__include__net__bluetooth__hci.h.patch
candidate	other	0177/include			False	False	stable_gap_h	0177__include__net__fib_rules.h.patch
candidate	other	0177/include			False	False	stable_gap_h	0177__include__net__ip_fib.h.patch
candidate	other	0177/include			False	False	stable_gap_h	0177__include__net__netfilter__nf_queue.h.patch
candidate	other	0177/include			False	False	stable_gap_h	0177__include__net__rtnetlink.h.patch
candidate	other	0177/include			False	False	stable_gap_h	0177__include__net__sctp__sctp.h.patch
candidate	other	0177/include			False	False	stable_gap_h	0177__include__net__sock.h.patch
candidate	other	0177/include			False	False	stable_gap_h	0177__include__net__xfrm.h.patch
candidate	other	0177/include			False	False	stable_gap_h	0177__include__sound__asequencer.h.patch
candidate	other	0177/include			False	False	stable_gap_h	0177__include__uapi__linux__bpf.h.patch
candidate	other	0177/include			False	False	stable_gap_h	0177__include__uapi__linux__xfrm.h.patch
candidate	other	0177/include			False	False	stable_gap_h	0177__include__uapi__sound__asequencer.h.patch
candidate	other	0177/kernel			False	False	stable_gap_h	0177__kernel__sched__features.h.patch
candidate	other	0177/kernel			False	False	stable_gap_h	0177__kernel__trace__trace_probe.h.patch
landed	other	0177/net			False	False	stable_gap_h	0177__net__bluetooth__a2mp.h.patch
landed	other	0177/net			False	False	stable_gap_h	0177__net__bluetooth__amp.h.patch
candidate	other	0177/net			False	False	stable_gap_h	0177__net__ieee802154__ieee802154.h.patch
candidate	other	0177/net			False	False	stable_gap_h	0177__net__tipc__bcast.h.patch
candidate	other	0182/drivers			False	False	stable_gap_h	0182__drivers__media__usb__uvc__uvcvideo.h.patch
candidate	other	0182/drivers			False	False	stable_gap_h	0182__drivers__usb__host__xhci.h.patch
candidate	other	0182/drivers			False	False	stable_gap_h	0182__drivers__usb__serial__ftdi_sio_ids.h.patch
candidate	other	0182/drivers			False	False	stable_gap_h	0182__drivers__usb__storage__unusual_devs.h.patch
candidate	other	0182/fs			False	False	stable_gap_h	0182__fs__crypto__fscrypt_private.h.patch
candidate	other	0182/include			False	False	stable_gap_h	0182__include__linux__filter.h.patch
candidate	other	0182/include			False	False	stable_gap_h	0182__include__linux__netdevice.h.patch
candidate	other	0182/include			False	False	stable_gap_h	0182__include__linux__netfilter__ipset__ip_set.h.patch
candidate	other	0182/include			False	False	stable_gap_h	0182__include__linux__ppp_channel.h.patch
candidate	other	0182/include			False	False	stable_gap_h	0182__include__linux__regulator__consumer.h.patch
candidate	other	0182/include			False	False	stable_gap_h	0182__include__media__videobuf2-core.h.patch
candidate	other	0182/include			False	False	stable_gap_h	0182__include__net__act_api.h.patch
candidate	other	0182/include			False	False	stable_gap_h	0182__include__net__addrconf.h.patch
candidate	other	0182/include			False	False	stable_gap_h	0182__include__net__af_unix.h.patch
landed	other	0182/include			False	False	stable_gap_h	0182__include__net__bluetooth__hci_core.h.patch
landed	other	0182/include			False	False	stable_gap_h	0182__include__net__bluetooth__l2cap.h.patch
candidate	other	0182/include			False	False	stable_gap_h	0182__include__net__bluetooth__rfcomm.h.patch
candidate	other	0182/include			False	False	stable_gap_h	0182__include__net__ip6_fib.h.patch
candidate	other	0182/include			False	False	stable_gap_h	0182__include__net__ip6_route.h.patch
candidate	other	0182/include			False	False	stable_gap_h	0182__include__net__neighbour.h.patch
candidate	other	0182/include			False	False	stable_gap_h	0182__include__net__route.h.patch
candidate	other	0182/include			False	False	stable_gap_h	0182__include__net__sch_generic.h.patch
candidate	other	0182/include			False	False	stable_gap_h	0182__include__net__sctp__structs.h.patch
candidate	other	0182/net			False	False	stable_gap_h	0182__net__bridge__br_private.h.patch
candidate	other	0182/net			False	False	stable_gap_h	0182__net__netfilter__ipset__ip_set_bitmap_gen.h.patch
candidate	other	0182/net			False	False	stable_gap_h	0182__net__netfilter__ipset__ip_set_hash_gen.h.patch
candidate	other	0183/drivers			False	False	stable_gap_h	0183__drivers__bluetooth__hci_uart.h.patch
candidate	other	0183/drivers			False	False	stable_gap_h	0183__drivers__md__dm-verity.h.patch
candidate	other	0183/drivers			False	False	stable_gap_h	0183__drivers__mmc__host__sdhci.h.patch
candidate	other	0183/drivers			False	False	stable_gap_h	0183__drivers__usb__typec__ucsi__ucsi.h.patch
candidate	other	0183/include			False	False	stable_gap_h	0183__include__drm__drm_connector.h.patch
candidate	other	0183/include			False	False	stable_gap_h	0183__include__drm__drm_displayid.h.patch
candidate	other	0183/include			False	False	stable_gap_h	0183__include__linux__bootconfig.h.patch
candidate	other	0183/include			False	False	stable_gap_h	0183__include__linux__bpf_lsm.h.patch
candidate	other	0183/include			False	False	stable_gap_h	0183__include__linux__firmware.h.patch
candidate	other	0183/include			False	False	stable_gap_h	0183__include__linux__fs.h.patch
candidate	other	0183/include			False	False	stable_gap_h	0183__include__linux__kvm_host.h.patch
candidate	other	0183/include			False	False	stable_gap_h	0183__include__linux__lsm_hooks.h.patch
candidate	other	0183/include			False	False	stable_gap_h	0183__include__linux__mm.h.patch
candidate	other	0183/include			False	False	stable_gap_h	0183__include__linux__mmc__sdio_ids.h.patch
candidate	other	0183/include			False	False	stable_gap_h	0183__include__linux__namei.h.patch
candidate	other	0183/include			False	False	stable_gap_h	0183__include__linux__overflow.h.patch
candidate	other	0183/include			False	False	stable_gap_h	0183__include__linux__pinctrl__consumer.h.patch
candidate	other	0183/include			False	False	stable_gap_h	0183__include__linux__sched__user.h.patch
candidate	other	0183/include			False	False	stable_gap_h	0183__include__net__bluetooth__hci.h.patch
candidate	other	0183/include			False	False	stable_gap_h	0183__include__net__bluetooth__hci_sync.h.patch
candidate	other	0183/include			False	False	stable_gap_h	0183__include__net__gro.h.patch
candidate	other	0183/include			False	False	stable_gap_h	0183__include__uapi__linux__netfilter__nf_tables.h.patch
candidate	other	0183/kernel			False	False	stable_gap_h	0183__kernel__audit.h.patch
candidate	other	0183/mm			False	False	stable_gap_h	0183__mm__internal.h.patch
candidate	other	0183/net			False	False	stable_gap_h	0183__net__bluetooth__mgmt_util.h.patch
candidate	other	0183/security			False	False	stable_gap_h	0183__security__selinux__include__objsec.h.patch
candidate	other	0184/include			False	False	stable_gap_h	0184__include__linux__can__core.h.patch
candidate	other	0184/include			False	False	stable_gap_h	0184__include__linux__can__skb.h.patch
candidate	other	0184/include			False	False	stable_gap_h	0184__include__linux__netdevice.h.patch
candidate	other	0184/include			False	False	stable_gap_h	0184__include__linux__pci-ecam.h.patch
candidate	other	0184/include			False	False	stable_gap_h	0184__include__linux__sched.h.patch
candidate	other	0184/include			False	False	stable_gap_h	0184__include__net__tls.h.patch
candidate	other	0186/include			False	False	stable_gap_h	0186__include__linux__inetdevice.h.patch
candidate	other	0186/include			False	False	stable_gap_h	0186__include__linux__nvme.h.patch
candidate	other	0186/include			False	False	stable_gap_h	0186__include__net__bluetooth__hci_core.h.patch
candidate	other	0187/drivers			False	False	stable_gap_h	0187__drivers__nvme__host__nvme.h.patch
candidate	other	0187/drivers			False	False	stable_gap_h	0187__drivers__usb__core__usb.h.patch
candidate	other	0187/include			False	False	stable_gap_h	0187__include__linux__bitfield.h.patch
candidate	other	0187/include			False	False	stable_gap_h	0187__include__linux__efi.h.patch
candidate	other	0187/include			False	False	stable_gap_h	0187__include__linux__hid.h.patch
candidate	other	0187/include			False	False	stable_gap_h	0187__include__linux__kprobes.h.patch
candidate	other	0187/include			False	False	stable_gap_h	0187__include__linux__list.h.patch
candidate	other	0187/include			False	False	stable_gap_h	0187__include__linux__nfs_xdr.h.patch
candidate	other	0187/include			False	False	stable_gap_h	0187__include__linux__of_graph.h.patch
candidate	other	0187/include			False	False	stable_gap_h	0187__include__linux__rcutree.h.patch
candidate	other	0187/include			False	False	stable_gap_h	0187__include__linux__remoteproc.h.patch
candidate	other	0187/include			False	False	stable_gap_h	0187__include__linux__tty_driver.h.patch
candidate	other	0187/include			False	False	stable_gap_h	0187__include__linux__usb__typec.h.patch
candidate	other	0187/include			False	False	stable_gap_h	0187__include__linux__virtio_net.h.patch
candidate	other	0187/include			False	False	stable_gap_h	0187__include__media__rc-map.h.patch
candidate	other	0187/include			False	False	stable_gap_h	0187__include__net__bluetooth__hci.h.patch
candidate	other	0187/include			False	False	stable_gap_h	0187__include__net__inet_connection_sock.h.patch
candidate	other	0187/include			False	False	stable_gap_h	0187__include__net__inetpeer.h.patch
candidate	other	0187/include			False	False	stable_gap_h	0187__include__net__pkt_sched.h.patch
candidate	other	0187/include			False	False	stable_gap_h	0187__include__net__sctp__structs.h.patch
candidate	other	0187/include			False	False	stable_gap_h	0187__include__net__tcp.h.patch
candidate	other	0187/include			False	False	stable_gap_h	0187__include__rdma__ib_verbs.h.patch
candidate	other	0187/include			False	False	stable_gap_h	0187__include__rdma__restrack.h.patch
candidate	other	0187/include			False	False	stable_gap_h	0187__include__sound__control.h.patch
candidate	other	0187/include			False	False	stable_gap_h	0187__include__uapi__linux__if_link.h.patch
candidate	other	0187/include			False	False	stable_gap_h	0187__include__uapi__linux__time_types.h.patch
candidate	other	0187/include			False	False	stable_gap_h	0187__include__uapi__rdma__rdma_netlink.h.patch
candidate	other	0187/kernel			False	False	stable_gap_h	0187__kernel__rcu__tree_nocb.h.patch
candidate	other	0187/kernel			False	False	stable_gap_h	0187__kernel__rcu__tree_plugin.h.patch
candidate	other	0187/kernel			False	False	stable_gap_h	0187__kernel__trace__trace.h.patch
candidate	other	0187/security			False	False	stable_gap_h	0187__security__selinux__include__security.h.patch
landed	other	0141/sound			False	False	stable_gap_c	0141__sound__usb__mixer_maps.c.patch
candidate	other	0146/kernel			False	False	stable_gap_c	0146__kernel__sched__loadavg.c.patch
landed	other	0150/kernel			False	False	stable_gap_c	0150__kernel__sched__cpufreq_schedutil.c.patch
landed	other	0156/kernel			False	False	stable_gap_c	0156__kernel__sched__deadline.c.patch
candidate	other	0159/kernel			False	False	stable_gap_c	0159__kernel__sched__topology.c.patch
landed	other	0175/kernel			False	False	stable_gap_c	0175__kernel__sched__rt.c.patch
candidate	other	0183/fs			False	False	stable_gap_c	0183__fs__binfmt_elf.c.patch
landed	other	0187/kernel			False	False	stable_gap_c	0187__kernel__sched__cpufreq_schedutil.c.patch
candidate	other	0187/sound			False	False	stable_gap_c	0187__sound__core__control_compat.c.patch
landed	c	drivers/usb	21b931853e8d		False	False	ack3_gap	drivers__usb__host__xhci-plat.c
landed	c	arch/arm64	6c6a10606081		False	False	ack3_gap	arch__arm64__kvm__pkvm.c
landed	c	kernel/dma	8824f345abdb		False	False	ack3_gap	kernel__dma__coherent.c
landed	h	include/trace	86ae3e98f2d7		False	False	ack3_gap	include__trace__hooks__dtask.h
landed	c	kernel/signal.c	86ae3e98f2d7		False	False	ack3_gap	kernel__signal.c
landed	c	drivers/usb	74bb3e49cdc8		False	False	ack3_gap	drivers__usb__host__xhci-plat.c
landed	c	drivers/android	1934ab942d47		False	False	ack3_gap	drivers__android__binder.c
landed	c	drivers/dma-buf	25ba97314600		False	False	ack3_gap	drivers__dma-buf__dma-buf.c
landed	c	net/bluetooth	cad04476381e		False	False	ack3_gap	net__bluetooth__sco.c
landed	c	drivers/android	1d43223d326c		False	False	ack3_gap	drivers__android__vendor_hooks.c
landed	h	include/trace	1d43223d326c		False	False	ack3_gap	include__trace__hooks__mm.h
landed	c	mm/memcontrol.c	1d43223d326c		False	False	ack3_gap	mm__memcontrol.c
landed	c	drivers/mmc	1e36a8ce7a85		False	False	ack3_gap	drivers__mmc__core__crypto.c
landed	h	include/linux	1e36a8ce7a85		False	False	ack3_gap	include__linux__mmc__host.h
landed	c	net/netfilter	39905027d023		False	False	ack3_gap	net__netfilter__xt_quota2.c
candidate	c	fs/f2fs	43e2d5837234		False	False	ack3_gap	fs__f2fs__data.c
candidate	c	fs/f2fs	43e2d5837234		False	False	ack3_gap	fs__f2fs__iostat.c
landed	h	include/trace	4d4d2c966850		False	False	ack3_gap	include__trace__hooks__fs.h
landed	c	fs/sync.c	53cb5c30d4e3		False	False	ack3_gap	fs__sync.c
candidate	c	kernel/exit.c	5e1b2b15469f		False	False	ack3_gap	kernel__exit.c
candidate	c	kernel/fork.c	5e1b2b15469f		False	False	ack3_gap	kernel__fork.c
candidate	c	kernel/sched	5e1b2b15469f		False	False	ack3_gap	kernel__sched__core.c
candidate	c	arch/arm64	969cb3de4157		False	False	ack3_gap	arch__arm64__kernel__entry-common.c
candidate	c	arch/arm64	969cb3de4157		False	False	ack3_gap	arch__arm64__kernel__signal.c
candidate	c	kernel/sched	969cb3de4157		False	False	ack3_gap	kernel__sched__core.c
landed	h	include/trace	dfdcb1dd36d9		False	False	ack3_gap	include__trace__hooks__dtask.h
landed	h	include/trace	dfdcb1dd36d9		False	False	ack3_gap	include__trace__hooks__rwsem.h
landed	c	kernel/locking	dfdcb1dd36d9		False	False	ack3_gap	kernel__locking__rwsem.c
candidate	h	fs/crypto	2fd20b5fee78		False	False	ack3_gap	fs__crypto__fscrypt_private.h
candidate	c	fs/crypto	c3e0109ec5e6		False	False	ack3_gap	fs__crypto__inline_crypt.c
candidate	c	fs/f2fs	c3e0109ec5e6		False	False	ack3_gap	fs__f2fs__super.c
candidate	h	include/linux	c3e0109ec5e6		False	False	ack3_gap	include__linux__fscrypt.h
candidate	h	fs/crypto	f20ce2195cc1		False	False	ack3_gap	fs__crypto__fscrypt_private.h
candidate	c	fs/crypto	f20ce2195cc1		False	False	ack3_gap	fs__crypto__inline_crypt.c
candidate	c	fs/crypto	f20ce2195cc1		False	False	ack3_gap	fs__crypto__keyring.c
candidate	c	fs/crypto	f20ce2195cc1		False	False	ack3_gap	fs__crypto__keysetup.c
landed	h	include/linux	c1496f64f60e		False	False	ack3_gap	include__linux__psi.h
landed	h	include/linux	c1496f64f60e		False	False	ack3_gap	include__linux__psi_types.h
landed	c	kernel/cgroup	c1496f64f60e		False	False	ack3_gap	kernel__cgroup__cgroup.c
landed	c	kernel/sched	c1496f64f60e		False	False	ack3_gap	kernel__sched__psi.c
landed	c	drivers/base	08fe24b25ddd		False	False	ack3_gap	drivers__base__power__wakeup.c
landed	c	drivers/base	11d72085cd39		False	False	ack3_gap	drivers__base__power__main.c
landed	c	kernel/bpf	14162556ede8		False	False	ack3_gap	kernel__bpf__bpf_fuse.c
conflict	c	drivers/usb	e2c3560a1a42		False	False	ack3_gap	drivers__usb__host__xhci.c
landed	c	drivers/usb	e61258f4a5a2		False	False	ack3_gap	drivers__usb__host__xhci.c
landed	c	net/nfc	7792ca1167d9		False	False	ack3_gap	net__nfc__llcp_core.c
landed	c	fs/fuse	529683b7e6b8		False	False	ack3_gap	fs__fuse__dev.c
landed	c	drivers/hid	70068a937228		False	False	ack3_gap	drivers__hid__hid-magicmouse.c
landed	c	fs/fuse	af2cd50b4a43		False	False	ack3_gap	fs__fuse__backing.c
landed	c	fs/fuse	a456b3ef5767		False	False	ack3_gap	fs__fuse__backing.c
landed	c	fs/fuse	a456b3ef5767		False	False	ack3_gap	fs__fuse__inode.c
landed	c	kernel/time	24b23dd766f3		False	False	ack3_gap	kernel__time__alarmtimer.c
landed	c	fs/fuse	b5b0aa763f32		False	False	ack3_gap	fs__fuse__backing.c
landed	c	kernel/power	e257ee20f2fc		False	False	ack3_gap	kernel__power__wakeup_reason.c
landed	c	fs/fuse	d7e728d32632		False	False	ack3_gap	fs__fuse__dev.c
landed	c	fs/fuse	d7e728d32632		False	False	ack3_gap	fs__fuse__inode.c
landed	c	arch/arm64	073b5f247543		False	False	ack3_gap	arch__arm64__kvm__hyp__nvhe__setup.c
candidate	c	fs/f2fs	958eecce08cb		False	False	ack3_gap	fs__f2fs__checkpoint.c
candidate	h	fs/f2fs	958eecce08cb		False	False	ack3_gap	fs__f2fs__f2fs.h
landed	c	fs/fuse	90949cad150f		False	False	ack3_gap	fs__fuse__backing.c
landed	c	kernel/exit.c	945be0af8244		False	False	ack3_gap	kernel__exit.c
landed	c	kernel/signal.c	945be0af8244		False	False	ack3_gap	kernel__signal.c
landed	c	kernel/time	945be0af8244		False	False	ack3_gap	kernel__time__posix-cpu-timers.c
landed	h	include/net	6308d6d3f1b1		False	False	ack3_gap	include__net__bluetooth__hci_core.h
landed	c	net/bluetooth	6308d6d3f1b1		False	False	ack3_gap	net__bluetooth__hci_conn.c
candidate	h	include/net	b16e29e4979f		False	False	ack3_gap	include__net__af_unix.h
candidate	c	net/unix	b16e29e4979f		False	False	ack3_gap	net__unix__af_unix.c
landed	c	arch/arm64	f52fadf7c78f		False	False	ack3_gap	arch__arm64__kernel__idreg-override.c
landed	c	arch/arm64	6f0f9e3a45d4		False	False	ack3_gap	arch__arm64__kvm__hyp__nvhe__trace.c
landed	c	arch/arm64	da842aacc36b		False	False	ack3_gap	arch__arm64__kvm__hyp__nvhe__trace.c
landed	h	arch/arm64	17514ea4a941		False	False	ack3_gap	arch__arm64__include__asm__virt.h
landed	c	arch/arm64	17514ea4a941		False	False	ack3_gap	arch__arm64__kvm__arm.c
landed	c	arch/arm64	17514ea4a941		False	False	ack3_gap	arch__arm64__kvm__pkvm.c
landed	h	include/trace	ffeca5ed047f		False	False	ack3_gap	include__trace__hooks__dtask.h
candidate	c	kernel/exit.c	ffeca5ed047f		False	False	ack3_gap	kernel__exit.c
landed	c	fs/fuse	8cef8b5b11b7		False	False	ack3_gap	fs__fuse__backing.c
landed	h	arch/arm64	c5f3d472ff4d		False	False	ack3_gap	arch__arm64__include__asm__kvm_hyp.h
landed	h	arch/arm64	c5f3d472ff4d		False	False	ack3_gap	arch__arm64__kvm__hyp__include__nvhe__ffa.h
landed	c	arch/arm64	c5f3d472ff4d		False	False	ack3_gap	arch__arm64__kvm__hyp__nvhe__ffa.c
landed	other	arch/arm64	c5f3d472ff4d		False	False	ack3_gap	arch__arm64__kvm__hyp__nvhe__hyp-init.S
landed	c	arch/arm64	c5f3d472ff4d		False	False	ack3_gap	arch__arm64__kvm__hyp__nvhe__hyp-main.c
landed	c	arch/arm64	c5f3d472ff4d		False	False	ack3_gap	arch__arm64__kvm__hyp__nvhe__psci-relay.c
landed	h	include/linux	c5f3d472ff4d		False	False	ack3_gap	include__linux__arm-smccc.h
landed	c	net/ipv6	bef17d032038		False	False	ack3_gap	net__ipv6__ip6_fib.c
landed	c	fs/incfs	688a2fe85528		False	False	ack3_gap	fs__incfs__vfs.c
landed	h	include/net	f26a1f4f9013		False	False	ack3_gap	include__net__bluetooth__l2cap.h
landed	c	net/bluetooth	b2f3c22e8b67		False	False	ack3_gap	net__bluetooth__l2cap_core.c
landed	h	include/net	78e40feaee07		False	False	ack3_gap	include__net__bluetooth__hci.h
landed	h	include/net	78e40feaee07		False	False	ack3_gap	include__net__bluetooth__l2cap.h
landed	h	net/bluetooth	78e40feaee07		False	False	ack3_gap	net__bluetooth__a2mp.h
landed	h	net/bluetooth	78e40feaee07		False	False	ack3_gap	net__bluetooth__amp.h
landed	c	net/bluetooth	78e40feaee07		False	False	ack3_gap	net__bluetooth__hci_conn.c
landed	c	net/bluetooth	78e40feaee07		False	False	ack3_gap	net__bluetooth__hci_event.c
landed	c	net/bluetooth	78e40feaee07		False	False	ack3_gap	net__bluetooth__l2cap_core.c
landed	c	net/bluetooth	78e40feaee07		False	False	ack3_gap	net__bluetooth__l2cap_sock.c
landed	c	net/bluetooth	78e40feaee07		False	False	ack3_gap	net__bluetooth__mgmt.c
landed	c	mm/memcontrol.c	23dbb5ded88c		False	False	ack3_gap	mm__memcontrol.c
landed	c	mm/vmscan.c	23dbb5ded88c		False	False	ack3_gap	mm__vmscan.c
landed	c	block/blk-mq.c	3244360d4a92		False	False	ack3_gap	block__blk-mq.c
landed	h	include/linux	3244360d4a92		False	False	ack3_gap	include__linux__blk-mq.h
candidate	c	kernel/sched	97a56830f59e		False	False	ack3_gap	kernel__sched__core.c
candidate	c	mm/filemap.c	97a56830f59e		False	False	ack3_gap	mm__filemap.c
landed	c	net/bluetooth	317cdf044ecb		False	False	ack3_gap	net__bluetooth__rfcomm__core.c
landed	c	net/bluetooth	6612ef9d0b09		False	False	ack3_gap	net__bluetooth__rfcomm__core.c
candidate	h	arch/arm64	3a5fbbad65d6	ANDROID: KVM: arm64: Commit vCPU power_state at the top of pkvm_reset_vcpu	False	False	ack4_gap	arch__arm64__kvm__hyp__include__nvhe__pkvm.h
candidate	c	arch/arm64	3a5fbbad65d6	ANDROID: KVM: arm64: Commit vCPU power_state at the top of pkvm_reset_vcpu	False	False	ack4_gap	arch__arm64__kvm__hyp__nvhe__hyp-main.c
candidate	h	arch/arm64	7d008958ef16		False	False	ack4_gap	arch__arm64__kvm__hyp__include__nvhe__pkvm.h
candidate	c	arch/arm64	7d008958ef16		False	False	ack4_gap	arch__arm64__kvm__hyp__nvhe__pkvm.c
candidate	c	arch/arm64	807b5348850e	ANDROID: KVM: arm64: Make CPU_ON failure rollback atomic	True	False	ack4_gap	arch__arm64__kvm__hyp__nvhe__hyp-main.c
candidate	c	arch/arm64	8e868649ea33	ANDROID: KVM: arm64: Treat non-protected vCPUs as always on at EL2	False	False	ack4_gap	arch__arm64__kvm__hyp__nvhe__pkvm.c
conflict	c	arch/arm64	f7d9d90a0e0a		False	False	ack4_gap	arch__arm64__kvm__hyp__nvhe__pkvm.c
candidate	h	include/uapi	188acf8bf46f	KVM: x86: Use __DECLARE_FLEX_ARRAY() for UAPI structures with VLAs	True	False	ack4_gap	include__uapi__linux__kvm.h
landed	c	drivers/ufs	d06eb2620d3b		False	False	ack4_gap	drivers__ufs__host__ufshcd-pci.c
landed	c	drivers/ufs	d06eb2620d3b		False	False	ack4_gap	drivers__ufs__host__ufshcd-pltfrm.c
landed	h	include/ufs	d06eb2620d3b		False	False	ack4_gap	include__ufs__ufshcd.h
landed	c	fs/fuse	038e61812fa5		False	False	ack4_gap	fs__fuse__readdir.c
candidate	c	arch/arm64	c7a9e967cc96	arm64: mm: fix VA-range sanity check	False	False	ack4_gap	arch__arm64__mm__mmu.c
landed	c	sound/usb	5deb4b558e8f		False	False	ack4_gap	sound__usb__mixer_quirks.c
landed	c	sound/usb	a1ffe486bfb9		False	False	ack4_gap	sound__usb__mixer_quirks.c
landed	c	sound/usb	f14bd323eec4		False	False	ack4_gap	sound__usb__format.c
candidate	c	drivers/usb	fb934e713d89	usb: xhci: Make usb_host_endpoint.hcpriv survive endpoint_disable()	True	False	ack4_gap	drivers__usb__host__xhci.c
candidate	h	include/linux	fb934e713d89	usb: xhci: Make usb_host_endpoint.hcpriv survive endpoint_disable()	True	False	ack4_gap	include__linux__usb.h
candidate	h	include/linux	609e59193fc6	padata: Fix pd UAF once and for all	True	False	ack4_gap	include__linux__padata.h
candidate	c	drivers/base	0903a08f3c55	device property: Make modifications of fwnode "flags" thread safe	True	False	ack4_gap	drivers__base__core.c
candidate	c	drivers/i2c	0903a08f3c55	device property: Make modifications of fwnode "flags" thread safe	True	False	ack4_gap	drivers__i2c__i2c-core-of.c
candidate	c	drivers/net	0903a08f3c55	device property: Make modifications of fwnode "flags" thread safe	True	False	ack4_gap	drivers__net__phy__mdio_bus.c
candidate	c	drivers/of	0903a08f3c55	device property: Make modifications of fwnode "flags" thread safe	True	False	ack4_gap	drivers__of__base.c
candidate	c	drivers/of	0903a08f3c55	device property: Make modifications of fwnode "flags" thread safe	True	False	ack4_gap	drivers__of__platform.c
candidate	c	drivers/spi	0903a08f3c55	device property: Make modifications of fwnode "flags" thread safe	True	False	ack4_gap	drivers__spi__spi.c
candidate	c	drivers/base	2eb63502ebe0	driver core: Don't let a device probe until it's ready	True	False	ack4_gap	drivers__base__core.c
candidate	c	drivers/base	2eb63502ebe0	driver core: Don't let a device probe until it's ready	True	False	ack4_gap	drivers__base__dd.c
candidate	c	fs/f2fs	88b2ddb0c4f1	f2fs: fix to detect potential corrupted nid in free_nid_list	False	False	ack4_gap	fs__f2fs__node.c
landed	c	sound/core	a470f7cabc4d		False	False	ack4_gap	sound__core__control.c
landed	c	net/strparser	c2e57695ec9f		False	False	ack4_gap	net__strparser__strparser.c
landed	c	drivers/nvme	818c1d02a4bd		False	False	ack4_gap	drivers__nvme__host__core.c
landed	c	drivers/nvme	cd87d44dc236		False	False	ack4_gap	drivers__nvme__host__pci.c
landed	c	io_uring/poll.c	39ccd10522e0		False	False	ack4_gap	io_uring__poll.c
landed	c	io_uring/timeout.c	6cb599b80233		False	False	ack4_gap	io_uring__timeout.c
conflict	c	sound/core	f5cadc02c73d		False	False	ack4_gap	sound__core__misc.c
candidate	c	drivers/mmc	897085cfe344	mmc: block: use single block write in retry	False	False	ack4_gap	drivers__mmc__core__block.c
candidate	h	drivers/mmc	897085cfe344	mmc: block: use single block write in retry	False	False	ack4_gap	drivers__mmc__core__queue.h
candidate	h	include/linux	94937d474a89	randomize_kstack: Maintain kstack_offset per task	True	False	ack4_gap	include__linux__randomize_kstack.h
candidate	h	include/linux	94937d474a89	randomize_kstack: Maintain kstack_offset per task	True	False	ack4_gap	include__linux__sched.h
candidate	c	init/main.c	94937d474a89	randomize_kstack: Maintain kstack_offset per task	True	False	ack4_gap	init__main.c
candidate	c	kernel/fork.c	94937d474a89	randomize_kstack: Maintain kstack_offset per task	True	False	ack4_gap	kernel__fork.c
candidate	h	include/linux	ba339d81ebde	tpm: avoid -Wunused-but-set-variable	True	False	ack4_gap	include__linux__tpm_eventlog.h
candidate	c	fs/userfaultfd.c	bce0d2f57f96	userfaultfd: allow registration of ranges below mmap_min_addr	True	False	ack4_gap	fs__userfaultfd.c
landed	c	io_uring/poll.c	3c7f635c60a3		False	False	ack4_gap	io_uring__poll.c
landed	c	net/bluetooth	b6ae482f8865		False	False	ack4_gap	net__bluetooth__hci_event.c
landed	c	net/core	18ae9eacfc95		False	False	ack4_gap	net__core__flow_dissector.c
landed	c	kernel/exit.c	3d6fb8a7690c		False	False	ack4_gap	kernel__exit.c
candidate	h	include/net	7eb0b25a2129	Bluetooth: hci_sync: Remove remaining dependencies of hci_request	False	False	ack4_gap	include__net__bluetooth__hci_sync.h
candidate	h	net/bluetooth	7eb0b25a2129	Bluetooth: hci_sync: Remove remaining dependencies of hci_request	False	False	ack4_gap	net__bluetooth__hci_request.h
candidate	c	net/bluetooth	7eb0b25a2129	Bluetooth: hci_sync: Remove remaining dependencies of hci_request	False	False	ack4_gap	net__bluetooth__hci_sync.c
landed	c	net/bluetooth	0c17c8832562		False	False	ack4_gap	net__bluetooth__l2cap_sock.c
landed	c	net/bluetooth	684a1f9ee232		False	False	ack4_gap	net__bluetooth__l2cap_sock.c
landed	c	net/xfrm	cb02bc1dc69f		False	False	ack4_gap	net__xfrm__xfrm_user.c
landed	c	net/ipv6	0fcf6731706f		False	False	ack4_gap	net__ipv6__ip6_gre.c
landed	c	net/core	a44fbb631cba		False	False	ack4_gap	net__core__rtnetlink.c
landed	c	drivers/md	378f0551b898		False	False	ack4_gap	drivers__md__dm-verity-fec.c
landed	c	drivers/md	462f4bb5101b		False	False	ack4_gap	drivers__md__dm-ioctl.c
landed	c	drivers/md	4733ff424391		False	False	ack4_gap	drivers__md__dm-verity-fec.c
landed	c	drivers/md	526ff9126a0a		False	False	ack4_gap	drivers__md__dm-ioctl.c
landed	c	drivers/pci	48cafda2d5d1		False	False	ack4_gap	drivers__pci__pcie__aer.c
landed	c	drivers/pci	492ac19792fa		False	False	ack4_gap	drivers__pci__pci.c
landed	c	drivers/media	6c9bcd5c2e2e		False	False	ack4_gap	drivers__media__usb__uvc__uvc_queue.c
conflict	h	fs/f2fs	74cbeeca4f16		False	False	ack4_gap	fs__f2fs__f2fs.h
landed	c	arch/arm64	ecd0ad573762		False	False	ack4_gap	arch__arm64__kvm__vgic__vgic-mmio-v3.c
landed	c	drivers/gpu	22922f7dae74		False	False	ack4_gap	drivers__gpu__drm__drm_gem_framebuffer_helper.c
landed	c	net/bluetooth	e1863e7480fe		False	False	ack4_gap	net__bluetooth__l2cap_sock.c
landed	c	net/vmw_vsock	01ef69785dc3		False	False	ack4_gap	net__vmw_vsock__af_vsock.c
landed	c	fs/pstore	437e036c8862		False	False	ack4_gap	fs__pstore__ram_core.c
landed	c	drivers/base	6935938b1a7e		False	False	ack4_gap	drivers__base__devres.c
landed	c	block/blk-cgroup.c	aa7cb2401997		False	False	ack4_gap	block__blk-cgroup.c
candidate	h	include/trace	43127ac6bc0a	hrtimer: Reduce trace noise in hrtimer_start()	True	False	ack4_gap	include__trace__events__timer.h
landed	c	fs/debugfs	6d42c6888231		False	False	ack4_gap	fs__debugfs__file.c
candidate	h	include/uapi	98440ef214c1	bpf: Add CHECKSUM_COMPLETE to bpf test progs	False	True	ack4_gap	include__uapi__linux__bpf.h
conflict	c	net/bpf	98440ef214c1		False	False	ack4_gap	net__bpf__test_run.c
candidate	h	tools/include	98440ef214c1	bpf: Add CHECKSUM_COMPLETE to bpf test progs	False	True	ack4_gap	tools__include__uapi__linux__bpf.h
candidate	h	include/linux	a94ab88351c8	firmware: dmi: Correct an indexing error in dmi.h	True	False	ack4_gap	include__linux__dmi.h
conflict	c	kernel/params.c	2801afe81153		False	False	ack4_gap	kernel__params.c
landed	c	drivers/net	ab2afba37a2a		False	False	ack4_gap	drivers__net__usb__r8152.c
conflict	c	net/bluetooth	0ccd75c51f62		False	False	ack4_gap	net__bluetooth__l2cap_core.c
landed	c	drivers/bluetooth	356dee1bcac4		False	False	ack4_gap	drivers__bluetooth__hci_ldisc.c
landed	c	net/bluetooth	c7777f534a80		False	False	ack4_gap	net__bluetooth__hci_event.c
landed	c	net/core	acbf45bd584d		False	False	ack4_gap	net__core__filter.c
landed	c	sound/core	cb609c6137f6		False	False	ack4_gap	sound__core__compress_offload.c
landed	c	sound/core	cb609c6137f6		False	False	ack4_gap	sound__core__sound.c
landed	c	sound/usb	1e36f4b44ec8		False	False	ack4_gap	sound__usb__mixer_scarlett2.c
landed	c	drivers/pci	60a2666b7081		False	False	ack4_gap	drivers__pci__pci.c
landed	c	fs/quota	ac8a2e0d287e		False	False	ack4_gap	fs__quota__dquot.c
landed	h	include/linux	ac8a2e0d287e		False	False	ack4_gap	include__linux__quotaops.h
landed	c	kernel/fork.c	297261b34337		False	False	ack4_gap	kernel__fork.c
landed	c	drivers/soc	933980f948dd		False	False	ack4_gap	drivers__soc__tegra__cbb__tegra234-cbb.c
landed	c	kernel/trace	e5c223f46c2e		False	False	ack4_gap	kernel__trace__trace_events_hist.c
landed	c	arch/arm64	a5dfeb3b6106		False	False	ack4_gap	arch__arm64__net__bpf_jit_comp.c
landed	c	net/unix	bd3592129f24		False	False	ack4_gap	net__unix__af_unix.c
landed	c	drivers/hid	eeceb6f4dd42		False	False	ack4_gap	drivers__hid__usbhid__hid-core.c
candidate	h	include/linux	122688738659	driver core: Move dev_err_probe() to where it belogs	False	True	ack4_gap	include__linux__dev_printk.h
candidate	h	include/linux	1eab71d9e735	driver core: device.h: remove extern from function prototypes	False	True	ack4_gap	include__linux__device.h
candidate	h	include/linux	584954f1da4b	lib/hexdump: print_hex_dump_bytes() calls print_hex_dump_debug()	True	False	ack4_gap	include__linux__printk.h
landed	c	net/ipv4	6275796f22bb		False	False	ack4_gap	net__ipv4__nexthop.c
landed	c	net/ipv4	629e3e6d7464		False	False	ack4_gap	net__ipv4__tcp.c
candidate	h	include/linux	9c22234529a8	container_of: remove container_of_safe()	False	True	ack4_gap	include__linux__container_of.h
candidate	h	include/linux	b3fd3e1e0c35	tcp: preserve const qualifier in tcp_sk()	False	True	ack4_gap	include__linux__tcp.h
candidate	h	include/net	b3fd3e1e0c35	tcp: preserve const qualifier in tcp_sk()	False	True	ack4_gap	include__net__tcp.h
candidate	c	net/ipv4	b3fd3e1e0c35	tcp: preserve const qualifier in tcp_sk()	False	True	ack4_gap	net__ipv4__tcp.c
candidate	c	net/ipv4	b3fd3e1e0c35	tcp: preserve const qualifier in tcp_sk()	False	True	ack4_gap	net__ipv4__tcp_input.c
candidate	c	net/ipv4	b3fd3e1e0c35	tcp: preserve const qualifier in tcp_sk()	False	True	ack4_gap	net__ipv4__tcp_minisocks.c
conflict	c	net/ipv4	b3fd3e1e0c35		False	False	ack4_gap	net__ipv4__tcp_output.c
candidate	c	net/ipv4	b3fd3e1e0c35	tcp: preserve const qualifier in tcp_sk()	False	True	ack4_gap	net__ipv4__tcp_recovery.c
landed	c	net/ipv4	dac313664e8b		False	False	ack4_gap	net__ipv4__tcp.c
landed	c	net/netfilter	9a109751b297		False	False	ack4_gap	net__netfilter__xt_owner.c
candidate	c	drivers/net	fcca1df05322	pppoe: drop PFC frames	True	False	ack4_gap	drivers__net__ppp__ppp_generic.c
candidate	h	include/linux	fcca1df05322	pppoe: drop PFC frames	True	False	ack4_gap	include__linux__ppp_defs.h
landed	c	drivers/net	335957df4ed6		False	False	ack4_gap	drivers__net__slip__slhc.c
landed	c	drivers/net	4aa9eca6fda2		False	False	ack4_gap	drivers__net__slip__slhc.c
landed	c	net/tipc	d3556656c6da		False	False	ack4_gap	net__tipc__msg.c
landed	c	drivers/mailbox	d44872a569b8		False	False	ack4_gap	drivers__mailbox__mailbox.c
candidate	h	include/linux	1dd70a613a84	cdrom, scsi: sr: propagate read-only status to block layer via set_disk_ro()	True	False	ack4_gap	include__linux__cdrom.h
landed	c	drivers/nvme	388c3704a906		False	False	ack4_gap	drivers__nvme__host__pci.c
landed	c	net/ipv4	84e8536c9813		False	False	ack4_gap	net__ipv4__netfilter__arp_tables.c
landed	c	net/core	a078eeaffe8a		False	False	ack4_gap	net__core__neighbour.c
landed	c	sound/usb	c67a955c93db		False	False	ack4_gap	sound__usb__quirks.c
landed	c	sound/usb	c67a955c93db		False	False	ack4_gap	sound__usb__stream.c
landed	h	sound/usb	c67a955c93db		False	False	ack4_gap	sound__usb__stream.h
landed	c	kernel/futex	4e0ed44e5172		False	False	ack4_gap	kernel__futex__requeue.c
candidate	h	include/net	670887effc42	ipv4: rename and move ip_route_output_tunnel()	False	True	ack4_gap	include__net__route.h
candidate	h	include/net	670887effc42	ipv4: rename and move ip_route_output_tunnel()	False	True	ack4_gap	include__net__udp_tunnel.h
candidate	c	net/ipv4	670887effc42	ipv4: rename and move ip_route_output_tunnel()	False	True	ack4_gap	net__ipv4__route.c
candidate	c	net/ipv4	670887effc42	ipv4: rename and move ip_route_output_tunnel()	False	True	ack4_gap	net__ipv4__udp_tunnel_core.c
candidate	h	include/net	9f12886ba14c	ipv6: rename and move ip6_dst_lookup_tunnel()	False	True	ack4_gap	include__net__ipv6.h
candidate	c	net/ipv6	9f12886ba14c	ipv6: rename and move ip6_dst_lookup_tunnel()	False	True	ack4_gap	net__ipv6__ip6_output.c
candidate	c	net/ipv6	9f12886ba14c	ipv6: rename and move ip6_dst_lookup_tunnel()	False	True	ack4_gap	net__ipv6__ip6_udp_tunnel.c
candidate	h	include/uapi	d1e649e9fcc6	bonding: add support for per-port LACP actor priority	False	True	ack4_gap	include__uapi__linux__if_link.h
landed	c	sound/usb	728ab0c72e49		False	False	ack4_gap	sound__usb__midi.c
landed	c	kernel/auditsc.c	95de7bb4bf53		False	False	ack4_gap	kernel__auditsc.c
landed	c	kernel/audit.c	da57e656f122		False	False	ack4_gap	kernel__audit.c
landed	c	io_uring/io-wq.c	508f0f7af2d4		False	False	ack4_gap	io_uring__io-wq.c
landed	c	net/bluetooth	14b01b9cba04		False	False	ack4_gap	net__bluetooth__mgmt.c
conflict	c	net/bluetooth	7eebd4c2c86f		False	False	ack4_gap	net__bluetooth__af_bluetooth.c
landed	c	net/bluetooth	7eebd4c2c86f		False	False	ack4_gap	net__bluetooth__iso.c
landed	c	net/bluetooth	7eebd4c2c86f		False	False	ack4_gap	net__bluetooth__l2cap_sock.c
landed	c	net/bluetooth	7eebd4c2c86f		False	False	ack4_gap	net__bluetooth__rfcomm__sock.c
landed	c	net/bluetooth	7eebd4c2c86f		False	False	ack4_gap	net__bluetooth__sco.c
candidate	h	include/net	19924bdd8a45	netfilter: nf_queue: hold bridge skb->dev while queued	True	False	ack4_gap	include__net__netfilter__nf_queue.h
candidate	c	net/netfilter	19924bdd8a45	netfilter: nf_queue: hold bridge skb->dev while queued	True	False	ack4_gap	net__netfilter__nf_queue.c
candidate	c	net/netfilter	19924bdd8a45	netfilter: nf_queue: hold bridge skb->dev while queued	True	False	ack4_gap	net__netfilter__nfnetlink_queue.c
landed	c	drivers/net	6afdb8113cb0		False	False	ack4_gap	drivers__net__ifb.c
candidate	c	arch/arm64	1716b7fea2ea	KVM: arm64: vgic-its: Reject restored DTE with out-of-range num_eventid_bits	True	False	ack4_gap	arch__arm64__kvm__vgic__vgic-its.c
candidate	h	include/linux	3f1024deeab3	device property: set fwnode->secondary to NULL in fwnode_init()	True	False	ack4_gap	include__linux__fwnode.h
landed	c	kernel/trace	b427e9f6d81c		False	False	ack4_gap	kernel__trace__tracing_map.c
landed	c	drivers/hid	167adad72c6b		False	False	ack4_gap	drivers__hid__hid-uclogic-core.c
landed	c	net/bridge	735bcaa9fc53		False	False	ack4_gap	net__bridge__br_multicast.c
landed	h	include/linux	e990211bd07d		False	False	ack4_gap	include__linux__string.h
landed	c	security/keys	4c5d407ba3ff		False	False	ack4_gap	security__keys__keyring.c
landed	c	drivers/gpio	9ffabebea35d		False	False	ack4_gap	drivers__gpio__gpiolib-cdev.c
landed	c	net/l2tp	4da9b12d160f		False	False	ack4_gap	net__l2tp__l2tp_core.c
landed	h	net/l2tp	4da9b12d160f		False	False	ack4_gap	net__l2tp__l2tp_core.h
landed	c	net/l2tp	4da9b12d160f		False	False	ack4_gap	net__l2tp__l2tp_ppp.c
landed	c	net/l2tp	5e852455dc89		False	False	ack4_gap	net__l2tp__l2tp_ppp.c
candidate	c	drivers/android	5bea05769067		False	False	ack4_gap	drivers__android__vendor_hooks.c
landed	c	kernel/workqueue.c	9a08c8b689b4		False	False	ack4_gap	kernel__workqueue.c
candidate	c	drivers/android	f0f9229eed8a		False	False	ack4_gap	drivers__android__vendor_hooks.c
candidate	c	kernel/workqueue.c	f0f9229eed8a		False	False	ack4_gap	kernel__workqueue.c
landed	c	fs/inode.c	d5343e96701c		False	False	ack4_gap	fs__inode.c
landed	c	mm/filemap.c	d5343e96701c		False	False	ack4_gap	mm__filemap.c
candidate	h	include/drm	03ba8faee0d0	drm: Remove plane hsub/vsub alignment requirement for core helpers	False	False	ack4_gap	include__drm__drm_fourcc.h
landed	c	net/nfc	0b45c31746e1		False	False	ack4_gap	net__nfc__llcp_core.c
landed	c	drivers/net	2638a9c15219		False	False	ack4_gap	drivers__net__tun.c
landed	c	net/xfrm	2a41b1b31c61		False	False	ack4_gap	net__xfrm__xfrm_state.c
landed	c	net/nfc	2dfdaaf7d933		False	False	ack4_gap	net__nfc__llcp_sock.c
landed	c	drivers/net	e915445942af		False	False	ack4_gap	drivers__net__tun.c
landed	c	net/ipv4	7f4f7efe7f30		False	False	ack4_gap	net__ipv4__ip_tunnel_core.c
landed	c	net/ipv4	bf8b3f34c37c		False	False	ack4_gap	net__ipv4__ip_tunnel_core.c
landed	c	net/netlink	d781fb9c28ee		False	False	ack4_gap	net__netlink__af_netlink.c
landed	c	net/core	7ee03fe551a7		False	False	ack4_gap	net__core__skbuff.c
landed	c	net/bluetooth	e6833e737a51		False	False	ack4_gap	net__bluetooth__l2cap_core.c
landed	c	net/packet	4c7fdb9d3710		False	False	ack4_gap	net__packet__af_packet.c
conflict	h	net/packet	4c7fdb9d3710		False	False	ack4_gap	net__packet__internal.h
candidate	c	net/packet	65456547b80c	net/packet: convert po->tp_loss to an atomic flag	False	True	ack4_gap	net__packet__af_packet.c
candidate	h	include/drm	2ecab21fe9c6	drm/dp: Add eDP 1.5 bit definition	False	False	ack4_gap	include__drm__display__drm_dp.h
landed	c	net/core	3c6cc9f2ca65		False	False	ack4_gap	net__core__gro.c
landed	c	drivers/usb	14670fd7934a		False	False	ack4_gap	drivers__usb__typec__ucsi__displayport.c
candidate	h	drivers/hid	6e78dfa86135	HID: quirks: Add ALWAYS_POLL quirk for SIGMACHIP USB mouse	False	False	ack4_gap	drivers__hid__hid-ids.h
candidate	c	drivers/hid	6e78dfa86135	HID: quirks: Add ALWAYS_POLL quirk for SIGMACHIP USB mouse	False	False	ack4_gap	drivers__hid__hid-quirks.c
landed	c	drivers/usb	6ffdbcd7a02f		False	False	ack4_gap	drivers__usb__typec__altmodes__displayport.c
landed	c	net/bluetooth	8894c2010435		False	False	ack4_gap	net__bluetooth__l2cap_core.c
landed	c	drivers/usb	cea949203fae		False	False	ack4_gap	drivers__usb__typec__ucsi__ucsi.c
landed	c	drivers/net	2f1082f03488		False	False	ack4_gap	drivers__net__wireguard__send.c
landed	c	net/bluetooth	c57ea90f203c		False	False	ack4_gap	net__bluetooth__iso.c
landed	c	net/bluetooth	cc3832b19f86		False	False	ack4_gap	net__bluetooth__hidp__core.c
landed	c	net/bluetooth	d9cbf7144ec5		False	False	ack4_gap	net__bluetooth__iso.c
landed	c	drivers/net	23c0e230eab3		False	False	ack4_gap	drivers__net__macsec.c
candidate	c	drivers/iommu	19a62f810d4d	iommu, debugobjects: avoid gcc-16.1 section mismatch warnings	False	False	ack4_gap	drivers__iommu__io-pgtable-arm-v7s.c
candidate	h	include/linux	19a62f810d4d	iommu, debugobjects: avoid gcc-16.1 section mismatch warnings	False	False	ack4_gap	include__linux__compiler_attributes.h
landed	c	net/ipv6	44d2ff7d2178		False	False	ack4_gap	net__ipv6__ip6_vti.c
candidate	c	drivers/hid	5716a293fb19	HID: wacom: Fix OOB write in wacom_hid_set_device_mode()	True	False	ack4_gap	drivers__hid__wacom_sys.c
candidate	h	drivers/hid	5716a293fb19	HID: wacom: Fix OOB write in wacom_hid_set_device_mode()	True	False	ack4_gap	drivers__hid__wacom_wac.h
landed	c	net/xfrm	8dfabcba6a94		False	False	ack4_gap	net__xfrm__xfrm_input.c
landed	c	net/ipv6	d9c5eecdb3c7		False	False	ack4_gap	net__ipv6__ip6_vti.c
landed	c	net/ipv4	36519e3d941f		False	False	ack4_gap	net__ipv4__esp4.c
landed	c	net/ipv6	36519e3d941f		False	False	ack4_gap	net__ipv6__esp6.c
candidate	h	drivers/usb	7d9575c42907	usb: storage: Add quirks for PNY Elite Portable SSD	False	False	ack4_gap	drivers__usb__storage__unusual_uas.h
landed	c	drivers/usb	9d583f23f431		False	False	ack4_gap	drivers__usb__core__quirks.c
landed	c	drivers/usb	af32dbb2ca0b		False	False	ack4_gap	drivers__usb__gadget__function__f_fs.c
candidate	c	drivers/hid	121dc93ae1fc	HID: pass the buffer size to hid_report_raw_event	True	True	ack4_gap	drivers__hid__hid-core.c
candidate	c	drivers/hid	121dc93ae1fc	HID: pass the buffer size to hid_report_raw_event	True	True	ack4_gap	drivers__hid__hid-logitech-hidpp.c
candidate	c	drivers/hid	121dc93ae1fc	HID: pass the buffer size to hid_report_raw_event	True	True	ack4_gap	drivers__hid__wacom_sys.c
candidate	h	include/linux	121dc93ae1fc	HID: pass the buffer size to hid_report_raw_event	True	True	ack4_gap	include__linux__hid.h
candidate	h	include/linux	5906e22bfd87	HID: core: Add printk_ratelimited variants to hid_warn() etc	False	False	ack4_gap	include__linux__hid.h
landed	c	drivers/usb	41e58bd74240		False	False	ack4_gap	drivers__usb__core__hcd.c
candidate	h	include/linux	8e0840ee2285	Disable -Wattribute-alias for clang-23 and newer	False	False	ack4_gap	include__linux__compat.h
candidate	h	include/linux	8e0840ee2285	Disable -Wattribute-alias for clang-23 and newer	False	False	ack4_gap	include__linux__compiler-clang.h
candidate	h	include/linux	8e0840ee2285	Disable -Wattribute-alias for clang-23 and newer	False	False	ack4_gap	include__linux__compiler_types.h
candidate	h	include/linux	8e0840ee2285	Disable -Wattribute-alias for clang-23 and newer	False	False	ack4_gap	include__linux__syscalls.h
candidate	h	include/net	1f1b98fea6b9	net/sched: act_api: use RCU with deferred freeing for action lifecycle	True	False	ack4_gap	include__net__act_api.h
candidate	c	net/sched	1f1b98fea6b9	net/sched: act_api: use RCU with deferred freeing for action lifecycle	True	False	ack4_gap	net__sched__act_api.c
landed	c	net/6lowpan	4485d7961752		False	False	ack4_gap	net__6lowpan__iphc.c
landed	c	net/core	51156815f80f		False	False	ack4_gap	net__core__sock.c
landed	c	net/bluetooth	0d637136ce89		False	False	ack4_gap	net__bluetooth__rfcomm__core.c
landed	c	net/bluetooth	1f73f92f6625		False	False	ack4_gap	net__bluetooth__rfcomm__sock.c
landed	c	net/bluetooth	f7093ac233c1		False	False	ack4_gap	net__bluetooth__mgmt.c
landed	c	kernel/time	43c2067bb3fc		False	False	ack4_gap	kernel__time__time.c
candidate	c	drivers/usb	7c97366f5dac	usb: gadget: f_ncm: Fix net_device lifecycle with device_move	True	False	ack4_gap	drivers__usb__gadget__function__u_ether.c
candidate	h	drivers/usb	7c97366f5dac	usb: gadget: f_ncm: Fix net_device lifecycle with device_move	True	False	ack4_gap	drivers__usb__gadget__function__u_ether.h
candidate	h	drivers/usb	7c97366f5dac	usb: gadget: f_ncm: Fix net_device lifecycle with device_move	True	False	ack4_gap	drivers__usb__gadget__function__u_ncm.h
candidate	h	arch/arm64	86e68cc983a1	KVM: arm64: Remove VPIPT I-cache handling	False	False	ack4_gap	arch__arm64__include__asm__kvm_mmu.h
candidate	c	arch/arm64	86e68cc983a1	KVM: arm64: Remove VPIPT I-cache handling	False	False	ack4_gap	arch__arm64__kvm__hyp__vhe__tlb.c
landed	c	net/ieee802154	8da95cb6ad7d		False	False	ack4_gap	net__ieee802154__6lowpan__tx.c
landed	c	kernel/signal.c	f8d720bc2e35		False	False	ack4_gap	kernel__signal.c
landed	c	drivers/usb	f9f987472f4b		False	False	ack4_gap	drivers__usb__gadget__function__u_ether.c
landed	c	net/core	fd470f0a97b8		False	False	ack4_gap	net__core__skbuff.c
candidate	c	arch/arm64	2500ea43d88c	arm64: tlb: Optimize ARM64_WORKAROUND_REPEAT_TLBI	False	False	ack4_gap	arch__arm64__kernel__sys_compat.c
candidate	c	arch/arm64	2500ea43d88c	arm64: tlb: Optimize ARM64_WORKAROUND_REPEAT_TLBI	False	False	ack4_gap	arch__arm64__kvm__hyp__pgtable.c
landed	c	net/xfrm	25c8c7fb3b0b		False	False	ack4_gap	net__xfrm__xfrm_policy.c
candidate	h	arch/arm64	59726d4608e2	arm64: tlb: Allow XZR argument to TLBI ops	False	False	ack4_gap	arch__arm64__include__asm__tlbflush.h
landed	c	fs/iomap	5dd4773dbc25		False	False	ack4_gap	fs__iomap__buffered-io.c
conflict	c	drivers/net	d68e8fb36998		False	False	ack4_gap	drivers__net__usb__r8152.c
landed	c	net/ipv6	47fb3c2b4203		False	False	ack4_gap	net__ipv6__ip6_vti.c
landed	h	include/net	ad9a0374ee6d		False	False	ack4_gap	include__net__sock.h
landed	c	net/core	ad9a0374ee6d		False	False	ack4_gap	net__core__skbuff.c
landed	c	net/socket.c	ad9a0374ee6d		False	False	ack4_gap	net__socket.c
candidate	h	include/net	fbfde85308b9	netfilter: nf_conntrack: destroy stale expectfn expectations on unregister	True	False	ack4_gap	include__net__netfilter__nf_conntrack_helper.h
candidate	c	net/ipv4	fbfde85308b9	netfilter: nf_conntrack: destroy stale expectfn expectations on unregister	True	False	ack4_gap	net__ipv4__netfilter__nf_nat_h323.c
candidate	c	net/netfilter	fbfde85308b9	netfilter: nf_conntrack: destroy stale expectfn expectations on unregister	True	False	ack4_gap	net__netfilter__nf_conntrack_helper.c
candidate	c	net/netfilter	fbfde85308b9	netfilter: nf_conntrack: destroy stale expectfn expectations on unregister	True	False	ack4_gap	net__netfilter__nf_nat_core.c
landed	h	include/net	b20e8a98dd29		False	False	ack4_gap	include__net__bluetooth__l2cap.h
landed	c	net/bluetooth	b20e8a98dd29		False	False	ack4_gap	net__bluetooth__l2cap_core.c
landed	c	net/ipv4	263779a6beff		False	False	ack4_gap	net__ipv4__udp.c
landed	c	fs/fuse	9dbf1b2fadfc		False	False	ack4_gap	fs__fuse__dev.c
candidate	c	drivers/input	9f351f9516dc	Input: atkbd - add DMI quirk for Lenovo Yoga Air 14 (83QK)	False	False	ack4_gap	drivers__input__keyboard__atkbd.c
landed	c	kernel/pid.c	ed5996c5906a		False	False	ack4_gap	kernel__pid.c
landed	c	drivers/input	f7c0ae3a765f		False	False	ack4_gap	drivers__input__keyboard__atkbd.c
landed	c	drivers/mmc	a0ee522c8c30		False	False	ack4_gap	drivers__mmc__core__mmc.c
landed	c	drivers/mmc	e61949fe5617		False	False	ack4_gap	drivers__mmc__host__sdhci.c
landed	c	fs/f2fs	0d40b26377f8		False	False	ack4_gap	fs__f2fs__data.c
landed	c	fs/fcntl.c	32dbd5ce4be3		False	False	ack4_gap	fs__fcntl.c
landed	h	kernel/sched	604f4ec9a234		False	False	ack4_gap	kernel__sched__sched.h
landed	c	drivers/thermal	d4eb861adde5		False	False	ack4_gap	drivers__thermal__thermal_core.c
landed	c	net/bridge	1406c4e0ed1e		False	False	ack4_gap	net__bridge__br_arp_nd_proxy.c
landed	c	net/bridge	1406c4e0ed1e		False	False	ack4_gap	net__bridge__br_fdb.c
candidate	h	include/linux	4fda0d6b45fa	fbdev: defio: Disconnect deferred I/O from the lifetime of struct fb_info	True	False	ack4_gap	include__linux__fb.h
landed	h	include/net	b0e6cd8eb845		False	False	ack4_gap	include__net__mctp.h
landed	c	net/xfrm	2c617848ae6e		False	False	ack4_gap	net__xfrm__xfrm_state.c
landed	c	drivers/base	52e485ed0dcb		False	False	ack4_gap	drivers__base__power__domain.c
candidate	c	kernel/trace	e4f9863a1cf9	tracing/probes: Limit size of event probe to 3K	True	False	ack4_gap	kernel__trace__trace_probe.c
candidate	h	kernel/trace	e4f9863a1cf9	tracing/probes: Limit size of event probe to 3K	True	False	ack4_gap	kernel__trace__trace_probe.h
landed	c	fs/f2fs	f76a6908aec3		False	False	ack4_gap	fs__f2fs__super.c
landed	c	kernel/cgroup	f8a8358832f3		False	False	ack4_gap	kernel__cgroup__cpuset.c
conflict	c	net/bluetooth	14fdd61e38bd		False	False	ack4_gap	net__bluetooth__af_bluetooth.c
landed	c	net/bluetooth	14fdd61e38bd		False	False	ack4_gap	net__bluetooth__hidp__sock.c
landed	c	net/bluetooth	14fdd61e38bd		False	False	ack4_gap	net__bluetooth__l2cap_sock.c
landed	h	include/net	4ec17782fd18		False	False	ack4_gap	include__net__bluetooth__bluetooth.h
candidate	h	arch/arm64	0199c9d57861	arm64: tlb: Flush walk cache when unsharing PMD tables	True	False	ack4_gap	arch__arm64__include__asm__tlb.h
conflict	c	drivers/tty	d5dc1c4fb274		False	False	ack4_gap	drivers__tty__serial__samsung_tty.c
landed	c	mm/migrate.c	68c476f5b863		False	False	ack4_gap	mm__migrate.c
candidate	h	include/linux	9545778a8a34	mm/hugetlb: rename folio_putback_active_hugetlb() to folio_putback_hugetlb()	False	True	ack4_gap	include__linux__hugetlb.h
candidate	c	mm/migrate.c	9545778a8a34	mm/hugetlb: rename folio_putback_active_hugetlb() to folio_putback_hugetlb()	False	True	ack4_gap	mm__migrate.c
landed	c	drivers/tty	e074cf9ef4f4		False	False	ack4_gap	drivers__tty__serial__qcom_geni_serial.c
candidate	h	include/linux	fc3ff42cb0cb	mm/memory-failure: fix hugetlb_lock AA deadlock in get_huge_page_for_hwpoison	True	False	ack4_gap	include__linux__mm.h
candidate	h	include/rdma	fd72863491c8	RDMA: Move DMA block iterator logic into dedicated files	False	True	ack4_gap	include__rdma__ib_verbs.h
candidate	c	arch/arm64	439ad847edf9	KVM: arm64: Wake-up from WFI when iqrchip is in userspace	True	False	ack4_gap	arch__arm64__kvm__arm.c
landed	c	lib/mpi	6d63615c796c		False	False	ack4_gap	lib__mpi__mpicoder.c
landed	c	drivers/usb	acebb35525b0		False	False	ack4_gap	drivers__usb__typec__tcpm__tcpm.c
candidate	h	arch/arm64	3797678ac6d0	arm64: cputype: Add C1-Ultra definitions	False	False	ack4_gap	arch__arm64__include__asm__cputype.h
candidate	h	arch/arm64	5880b247813c	arm64: cputype: Add NVIDIA Olympus definitions	False	False	ack4_gap	arch__arm64__include__asm__cputype.h
conflict	c	arch/arm64	7c3ad9365079		False	False	ack4_gap	arch__arm64__kernel__cpu_errata.c
landed	c	net/netfilter	063f43361e88		False	False	ack4_gap	net__netfilter__xt_mac.c
landed	c	fs/f2fs	83f1262811ad		False	False	ack4_gap	fs__f2fs__gc.c
landed	c	fs/f2fs	83f1262811ad		False	False	ack4_gap	fs__f2fs__inode.c
landed	c	net/bluetooth	c98298656777		False	False	ack4_gap	net__bluetooth__rfcomm__sock.c
landed	c	kernel/bpf	75aed2810c22		False	False	ack4_gap	kernel__bpf__cgroup.c
landed	c	kernel/bpf	75aed2810c22		False	False	ack4_gap	kernel__bpf__helpers.c
landed	c	kernel/trace	75aed2810c22		False	False	ack4_gap	kernel__trace__bpf_trace.c
landed	c	net/core	75aed2810c22		False	False	ack4_gap	net__core__filter.c
landed	c	drivers/md	cf4093a4ac64		False	False	ack4_gap	drivers__md__dm-bow.c
landed	c	fs/fuse	4e14f29473ed		False	False	ack4_gap	fs__fuse__dev.c
landed	c	net/ipv6	12c65e2c7fef		False	False	ack4_gap	net__ipv6__ip6_vti.c
landed	h	include/net	a071e057518d		False	False	ack4_gap	include__net__tc_act__tc_pedit.h
landed	c	net/core	279f2b67d1c4		False	False	ack4_gap	net__core__skmsg.c
landed	c	net/ipv4	279f2b67d1c4		False	False	ack4_gap	net__ipv4__tcp.c
landed	c	net/ipv4	279f2b67d1c4		False	False	ack4_gap	net__ipv4__tcp_bpf.c
landed	c	net/ipv4	279f2b67d1c4		False	False	ack4_gap	net__ipv4__tcp_input.c
landed	c	net/ipv4	279f2b67d1c4		False	False	ack4_gap	net__ipv4__tcp_minisocks.c
landed	c	net/ipv4	279f2b67d1c4		False	False	ack4_gap	net__ipv4__udp.c
landed	c	net/ipv4	279f2b67d1c4		False	False	ack4_gap	net__ipv4__udp_bpf.c
landed	c	net/unix	279f2b67d1c4		False	False	ack4_gap	net__unix__af_unix.c
landed	c	drivers/regulator	60747114fd2a		False	False	ack4_gap	drivers__regulator__core.c
candidate	h	include/linux	7b64ab96604c		False	False	ack4_gap	include__linux__lockdep.h
candidate	h	include/linux	7b64ab96604c		False	False	ack4_gap	include__linux__lockdep_types.h
candidate	h	include/linux	ab9c65b9dc32		False	False	ack4_gap	include__linux__ring_buffer.h
candidate	c	kernel/trace	ab9c65b9dc32		False	False	ack4_gap	kernel__trace__trace.c
landed	c	net/unix	f085971de6d6		False	False	ack4_gap	net__unix__af_unix.c
candidate	h	include/linux	5cab1c989f93		False	False	ack4_gap	include__linux__kvm_host.h
landed	c	fs/exfat	06c4e1e9967d		False	False	ack4_gap	fs__exfat__dir.c
landed	h	include/keys	708709c65a18		False	False	ack4_gap	include__keys__request_key_auth-type.h
landed	h	security/keys	708709c65a18		False	False	ack4_gap	security__keys__internal.h
landed	c	security/keys	708709c65a18		False	False	ack4_gap	security__keys__keyctl.c
landed	c	security/keys	708709c65a18		False	False	ack4_gap	security__keys__request_key_auth.c
candidate	h	include/linux	9bb86d8184b3		False	False	ack4_gap	include__linux__skmsg.h
candidate	c	net/core	9bb86d8184b3		False	False	ack4_gap	net__core__filter.c
candidate	c	net/core	9bb86d8184b3		False	False	ack4_gap	net__core__skmsg.c
landed	c	net/mac802154	ff976ef7c391		False	False	ack4_gap	net__mac802154__llsec.c
landed	c	net/tipc	0a780653b2a7		False	False	ack4_gap	net__tipc__crypto.c
landed	c	drivers/rpmsg	a1f18ce9b26e		False	False	ack4_gap	drivers__rpmsg__rpmsg_char.c
landed	c	fs/fuse	5927b43a4f8d		False	False	ack4_gap	fs__fuse__dev.c
landed	c	drivers/tty	ccdf4510a387		False	False	ack4_gap	drivers__tty__serial__8250__8250_dw.c
candidate	h	include/linux	29162a9b4dee		False	False	ack4_gap	include__linux__hid.h
candidate	c	drivers/hid	88a4d52fef79		False	False	ack4_gap	drivers__hid__hid-core.c
candidate	c	drivers/hid	88a4d52fef79		False	False	ack4_gap	drivers__hid__hid-logitech-hidpp.c
candidate	c	drivers/hid	88a4d52fef79		False	False	ack4_gap	drivers__hid__wacom_sys.c
candidate	c	drivers/usb	88a4d52fef79		False	False	ack4_gap	drivers__usb__gadget__function__f_accessory.c
candidate	h	include/linux	88a4d52fef79		False	False	ack4_gap	include__linux__hid.h
candidate	h	arch/arm64	194b389108af		False	False	ack4_gap	arch__arm64__include__asm__cputype.h
candidate	h	arch/arm64	4b4c4f3d2b47		False	False	ack4_gap	arch__arm64__include__asm__cputype.h
candidate	h	arch/arm64	5fca46bc4903		False	False	ack4_gap	arch__arm64__include__asm__tlbflush.h
candidate	c	arch/arm64	711b0d5924df		False	False	ack4_gap	arch__arm64__kernel__sys_compat.c
candidate	c	arch/arm64	711b0d5924df		False	False	ack4_gap	arch__arm64__kvm__hyp__pgtable.c
candidate	h	arch/arm64	86be9b71a501		False	False	ack4_gap	arch__arm64__include__asm__kvm_mmu.h
candidate	c	arch/arm64	86be9b71a501		False	False	ack4_gap	arch__arm64__kvm__hyp__nvhe__pkvm.c
candidate	c	arch/arm64	86be9b71a501		False	False	ack4_gap	arch__arm64__kvm__hyp__nvhe__tlb.c
candidate	c	arch/arm64	86be9b71a501		False	False	ack4_gap	arch__arm64__kvm__hyp__vhe__tlb.c
conflict	c	arch/arm64	eff949f19e2d		False	False	ack4_gap	arch__arm64__kernel__cpu_errata.c
